DISTCODE,DistName,grade_span,Group,group_type,GroupCode,SType,enr_grade_min,enr_grade_max,num_students_ach_ela,participation_rate_ela,pct_prof_ela,proficiency_index_ela,ela_ach_pts,pct_exceeds_ela,ela_exceeds_pts,num_students_ach_mat,participation_rate_mat,pct_prof_mat,proficiency_index_mat,mat_ach_pts,pct_exceeds_mat,mat_exceeds_pts,num_students_sci,participation_rate_sci,pct_prof_sci,proficiency_index_sci,sci_ach_pts,denom_growth_ela,growth_index_ela,ela_growth_pts,denom_growth_mat,growth_index_mat,mat_growth_pts,num_students_elp,participation_rate_elp,elp_met_target_pct,elp_index,elp_pts,grad_ind_code,years_incl_grad_base,grad_comp_denom,grad_comp_rate,grad_base_denom,grad_base_rate,grad_pts,diploma_plus_denom,commissioners_seal_pct,commissioners_seal_pts,postsecondary_success_index,postsecondary_success_pts,adm_student_abs,student_ca_pct,student_chronic_abs_pts,n_teachers,teacher_ca_denom,teacher_ca_pct,teacher_chronic_abs_pts,adm_oss,years_incl_oss,oss_rate,suspension_pts,subgroups_level1,participation_LT_95pct,ach_available,ach_ela_mat_sci_pts_tot,growth_pts_tot,dp_pts_tot,sqss_available,sqss_pts_tot,ach_perf_cat,growth_perf_cat,elp_perf_cat,grad_perf_cat,DP_perf_cat,SQSS_perf_cat
x,District,Grade Span,Group,Group Type,Group Code,Nonstandard Grade Span Type,Min Enrolled Grade,Max Enrolled Grade,Num Students ELA Ach.,ELA Participation Rate,ELA % Prof.,ELA Prof. Index,ELA Ach. Points (out of 4),ELA % Exceeds,ELA Exceeds Points (out of 3),Num Students Math Ach.,Math Participation Rate,Math % Prof.,Math Prof. Index,Math Ach. Points (out of 4),Math % Exceeds,Math Exceeds Points (out of 3),Num Students Science,Science Participation Rate,Science % Prof.,Science Prof. Index,Science Points (out of 3),Growth Denom ELA,ELA Growth Index,ELA Growth Points (out of 3),Growth Denom Math,Math Growth Index,Math Growth Points (out of 3),Num Students ELP Measure,ELP Participation Rate,ELP % Met Target,ELP Index,ELP Points (out of 3),Type of Grad Rate Indicator,Years Incl. in Base Grad Rate,Composite Grad Denom,Composite Grad Rate,Base Grad Denom,Base Grad Rate,Graduation Points (out of 5),Diploma Plus Denom,% Commissioner's Seal,Commissioner's Seal Points (out of 3),Postsecondary Success Index,Postsecondary Success Points (out of 3),Student Chronic  Abs Denom,% Student Chronic Abs,Student Chronic Abs Points (out of 3),Total Teachers,Teacher Chronic  Abs Denom,% Teacher Chronic Abs,Teacher Chronic Abs Points (out of 3),Suspension Denom,Years Incl. in Suspension Rate,OSS Suspension Rate,Suspension Points (out of 3),Low Performing Subgroups,"ELA, Math, or Science Participation Rate < 95%",Achievement Measures Available,Ach. Points Tot,Growth Points Tot,Diploma Plus Points Tot,SQSS Measures Available,SQSS Points Tot,Achievement Performance Category,Growth Performance Category,ELP Performance Category,Graduation Performance Category,Diploma Plus Performance Category,SQSS Performance Category
01,Barrington,S,All Students,,All,K12,-1,12,3485,99%,70,78,3,23.2,3,3484,99%,62,73,3,13.6,3,1539,99%,65,75,3,2875,1.24,3,2887,1.16,3,101,99%,74%,0.93,3,1,1,799,97%,275,95%,5,271,79,3,100,3,3227,7.1,3,209,202,2.2,3,3258,1,0.2,3,0,,3,9,6,6,5,15,Strong,Strong,Strong,Strong,Strong,Strong
01,Barrington,S,American Indian or Alaska Native,2Race/Ethnicity,AM7,K12,-1,12,1,,,,,,,1,,,,,,,1,,,,,1,,,1,,,0,,,,,1,,1,,1,,,1,,,,,2,,,209,,,,6,3,,,,,0,,,,0,,,,,,,
01,Barrington,S,Asian,2Race/Ethnicity,AS7,K12,-1,12,279,99%,79,85,4,36.1,3,279,99%,83,88,4,36.2,3,127,98%,81,87,3,223,1.28,3,225,1.28,3,45,100%,71%,0.93,3,1,2,52,96%,38,95%,5,37,81,3,108,3,270,4.5,3,209,18,1.9,3,271,1,0.0,3,,,3,11,6,6,5,15,,,,,,
01,Barrington,S,Black or African American,2Race/Ethnicity,BL7,K12,-1,12,61,98%,38,53,2,11.7,3,61,98%,33,51,2,5.0,2,27,100%,33,51,2,54,1.07,2,54,1.15,3,0,,,,,1,3,12,83%,12,83%,,8,,,,,55,5.5,3,209,4,4.3,3,55,1,1.8,3,,,3,6,5,,5,14,,,,,,
01,Barrington,S,Hispanic,2Race/Ethnicity,HI7,K12,-1,12,221,100%,58,69,3,16.8,3,221,100%,50,63,2,8.6,2,106,98%,61,70,3,175,1.30,3,179,1.21,3,26,100%,77%,0.93,3,1,1,38,95%,20,90%,4,32,72,2,100,3,230,8.3,3,209,15,2.3,3,234,1,0.4,3,,,3,8,6,5,5,14,,,,,,
01,Barrington,S,Two or More Races,2Race/Ethnicity,MU7,K12,-1,12,218,100%,71,78,3,30.3,3,218,100%,71,79,3,24.3,3,106,100%,75,81,3,186,1.32,3,187,1.19,3,4,,,,,1,3,28,100%,28,96%,5,18,78,,105,,223,11.6,3,209,14,2.0,3,226,1,0.0,3,,,3,9,6,,5,15,,,,,,
01,Barrington,S,Native Hawaiian or Other Pacific Islander,2Race/Ethnicity,PI7,K12,-1,12,1,,,,,,,1,,,,,,,0,,,,,0,,,0,,,0,,,,,1,,0,,0,,,0,,,,,0,,,209,,,,1,3,,,,,0,,,,0,,,,,,,
01,Barrington,S,White,2Race/Ethnicity,WH7,K12,-1,12,2704,99%,71,79,3,22.1,3,2703,100%,61,72,3,11.0,3,1172,99%,63,74,3,2236,1.23,3,2241,1.14,3,26,100%,81%,0.95,3,1,1,668,97%,228,96%,5,227,79,3,100,3,2447,6.9,3,209,150,2.2,3,2470,1,0.2,3,,,3,9,6,6,5,15,,,,,,
01,Barrington,S,Economically Disadvantaged,3Program Status,FRL,K12,-1,12,334,98%,41,55,2,8.9,2,334,98%,36,52,2,4.9,2,158,99%,43,56,2,276,1.11,3,278,1.17,3,24,96%,70%,0.92,3,1,1,59,93%,26,92%,4,26,50,2,69,2,470,16.6,2,209,32,2.0,3,477,1,1.3,3,,,3,6,6,4,5,12,,,,,,
01,Barrington,S,Students with Disabilities,3Program Status,IEP,K12,-1,12,393,97%,20,36,1,1.3,1,393,97%,18,33,1,1.3,1,169,95%,22,39,1,309,1.04,2,313,1.06,2,29,97%,57%,0.85,2,1,1,94,81%,29,69%,3,26,42,2,47,2,372,9.1,3,209,24,3.0,3,386,1,1.6,3,,,3,3,4,4,5,11,,,,,,
01,Barrington,S,English Learners,3Program Status,LEP,K12,-1,12,130,100%,35,51,2,3.1,2,130,100%,53,64,2,13.1,3,42,100%,38,53,2,79,1.27,3,89,1.22,3,,,,,,1,3,11,91%,11,91%,,9,,,,,85,8.3,3,209,9,2.1,3,85,1,0.0,3,,,3,6,6,,5,14,,,,,,
03,Burrillville,S,All Students,,All,K12,-1,12,2079,99%,31,47,2,2.1,2,2076,99%,25,43,2,1.7,1,918,97%,30,46,2,1704,0.94,2,1708,0.93,2,27,100%,44%,0.73,2,1,1,499,87%,172,86%,3,168,33,1,73,3,1942,16.6,2,165,155,6.8,3,1963,1,5.2,2,2,,3,6,4,4,5,10,Mid Level,Mid Level,Mid Level,Mid Level,Mid Level,Mid Level
03,Burrillville,S,American Indian or Alaska Native,2Race/Ethnicity,AM7,K12,-1,12,2,,,,,,,2,,,,,,,0,,,,,2,,,2,,,0,,,,,1,,0,,0,,,0,,,,,1,,,165,,,,3,3,,,,,0,,,,0,,,,,,,
03,Burrillville,S,Asian,2Race/Ethnicity,AS7,K12,-1,12,15,100%,67,78,,6.7,,15,100%,60,69,,6.7,,7,,,,,13,1.31,,13,1.23,,0,,,,,1,,0,,0,,,0,,,,,14,21.3,,165,1,5.1,,27,2,3.6,3,,,0,,,,1,3,,,,,,
03,Burrillville,S,Black or African American,2Race/Ethnicity,BL7,K12,-1,12,33,97%,19,36,1,0.0,1,32,100%,9,26,1,0.0,1,14,100%,0,24,,26,0.65,1,27,0.96,2,2,,,,,1,,5,,5,,,3,,,,,31,19.6,2,165,3,10.0,2,32,1,22.0,1,,,2,,3,,5,7,,,,,,
03,Burrillville,S,Hispanic,2Race/Ethnicity,HI7,K12,-1,12,138,99%,21,38,1,2.2,2,138,98%,15,31,1,2.2,2,61,97%,17,34,1,113,0.88,2,114,0.78,1,17,100%,41%,0.71,,1,3,22,91%,21,95%,5,16,19,,49,,137,13.9,3,165,11,7.2,3,139,1,3.6,3,,,3,3,3,,5,13,,,,,,
03,Burrillville,S,Two or More Races,2Race/Ethnicity,MU7,K12,-1,12,55,98%,31,47,2,1.9,1,55,98%,24,41,2,0.0,1,30,97%,28,44,2,48,1.06,2,48,0.96,2,0,,,,,1,3,14,93%,14,93%,,11,36,,75,,53,17.1,2,165,4,6.2,3,54,1,5.6,2,,,3,6,4,,5,9,,,,,,
03,Burrillville,S,Native Hawaiian or Other Pacific Islander,2Race/Ethnicity,PI7,K12,-1,12,2,,,,,,,2,,,,,,,1,,,,,1,,,1,,,0,,,,,1,,0,,0,,,0,,,,,2,,,165,,,,6,3,,,,,0,,,,0,,,,,,,
03,Burrillville,S,White,2Race/Ethnicity,WH7,K12,-1,12,1834,99%,32,48,2,2.1,2,1832,99%,26,44,2,1.7,1,805,98%,32,48,2,1501,0.94,2,1503,0.93,2,8,,,,,1,1,458,87%,157,86%,3,153,33,1,73,3,1705,16.6,2,165,136,6.7,3,1722,1,5.1,2,,,3,6,4,4,5,10,,,,,,
03,Burrillville,S,Economically Disadvantaged,3Program Status,FRL,K12,-1,12,798,99%,21,36,1,0.8,1,795,99%,16,33,1,1.0,1,337,97%,19,37,1,639,0.90,2,640,0.91,2,23,100%,39%,0.71,2,1,1,182,77%,78,77%,2,74,18,1,57,2,856,24.5,2,165,69,6.8,3,866,1,8.9,2,,,3,3,4,3,5,9,,,,,,
03,Burrillville,S,Students with Disabilities,3Program Status,IEP,K12,-1,12,462,98%,6,18,1,0.7,1,461,98%,8,22,1,0.2,1,177,95%,6,21,1,336,0.88,2,340,0.87,2,9,,,,,1,1,77,64%,27,59%,1,26,0,1,16,1,414,20.8,2,165,38,6.1,3,427,1,13.6,1,,,3,3,4,2,5,8,,,,,,
03,Burrillville,S,English Learners,3Program Status,LEP,K12,-1,12,21,100%,5,19,1,0.0,1,21,100%,5,22,1,0.0,1,11,100%,9,24,,17,0.82,,18,0.72,,,,,,,1,,2,,2,,,2,,,,,21,14.4,3,165,2,6.1,3,21,1,0.0,3,,,2,,,,5,11,,,,,,
04,Central Falls,S,All Students,,All,K12,-1,12,2211,99%,8,20,1,0.3,1,2204,98%,7,22,1,0.3,1,989,98%,8,24,1,1639,0.84,1,1782,0.92,2,1970,97%,39%,0.63,2,1,1,684,63%,206,59%,1,202,2,1,33,1,2400,25.1,2,202,192,5.0,3,2604,1,3.5,3,7,,3,3,3,2,5,10,Focus Area,Mid Level,Mid Level,Focus Area,Focus Area,Mid Level
04,Central Falls,S,American Indian or Alaska Native,2Race/Ethnicity,AM7,K12,-1,12,229,97%,5,19,1,0.0,1,227,98%,8,24,1,0.5,1,81,98%,4,20,1,160,0.86,2,178,0.92,2,251,96%,40%,0.66,2,1,2,67,51%,43,49%,1,42,5,1,26,1,179,19.6,2,202,15,6.7,3,179,1,0.0,3,,,3,3,4,2,5,10,,,,,,
04,Central Falls,S,Asian,2Race/Ethnicity,AS7,K12,-1,12,13,100%,38,54,,0.0,,13,100%,23,41,,0.0,,5,,,,,10,1.00,,11,1.00,,1,,,,,1,,0,,0,,,0,,,,,13,52.4,,202,1,5.6,,25,2,0.0,3,,,0,,,,1,3,,,,,,
04,Central Falls,S,Black or African American,2Race/Ethnicity,BL7,K12,-1,12,386,98%,6,17,1,0.5,1,386,98%,7,19,1,0.0,1,182,98%,6,21,1,293,0.72,1,311,0.90,2,260,94%,34%,0.57,1,1,1,111,71%,28,71%,2,28,0,1,36,1,396,22.2,2,202,31,4.1,3,418,1,8.4,2,,,3,3,3,2,5,9,,,,,,
04,Central Falls,S,Hispanic,2Race/Ethnicity,HI7,K12,-1,12,977,99%,9,21,1,0.5,1,973,98%,8,23,1,0.4,1,470,98%,10,27,1,744,0.89,2,802,0.95,2,965,97%,43%,0.65,2,1,1,378,63%,108,54%,1,106,2,1,33,1,1243,24.6,2,202,103,5.1,3,1409,1,2.3,3,,,3,3,4,2,5,10,,,,,,
04,Central Falls,S,Two or More Races,2Race/Ethnicity,MU7,K12,-1,12,79,99%,10,25,1,0.0,1,79,99%,6,21,1,0.0,1,25,100%,8,24,1,50,0.82,1,58,0.83,1,32,97%,39%,0.71,2,1,3,21,57%,21,52%,1,15,7,,38,,89,27.1,2,202,6,3.5,3,92,1,3.2,3,,,3,3,2,,5,10,,,,,,
04,Central Falls,S,Native Hawaiian or Other Pacific Islander,2Race/Ethnicity,PI7,K12,-1,12,5,,,,,,,5,,,,,,,2,,,,,4,,,4,,,0,,,,,1,,0,,0,,,0,,,,,4,,,202,,,,16,3,0.0,,,,0,,,,0,,,,,,,
04,Central Falls,S,White,2Race/Ethnicity,WH7,K12,-1,12,522,99%,7,18,1,0.0,1,521,99%,6,19,1,0.4,1,224,98%,7,22,1,378,0.83,1,418,0.88,2,461,98%,32%,0.59,1,1,1,107,64%,49,61%,1,46,2,1,34,1,476,29.8,2,202,36,5.2,3,486,1,4.5,3,,,3,3,3,2,5,10,,,,,,
04,Central Falls,S,Economically Disadvantaged,3Program Status,FRL,K12,-1,12,2091,99%,8,20,1,0.3,1,2084,98%,7,21,1,0.3,1,930,98%,8,24,1,1549,0.84,1,1686,0.92,2,1859,97%,39%,0.62,2,1,1,672,64%,204,59%,1,200,2,1,34,1,2306,25.4,2,202,184,5.0,3,2491,1,3.6,3,,,3,3,3,2,5,10,,,,,,
04,Central Falls,S,Students with Disabilities,3Program Status,IEP,K12,-1,12,430,97%,1,5,1,0.0,1,428,98%,2,8,1,0.0,1,167,96%,1,10,1,295,0.65,1,298,0.85,2,344,95%,38%,0.56,1,1,1,139,48%,47,49%,1,45,0,1,22,1,487,26.9,2,202,42,9.9,3,592,1,6.6,2,,,3,3,3,2,5,9,,,,,,
04,Central Falls,S,English Learners,3Program Status,LEP,K12,-1,12,1231,99%,4,14,1,0.1,1,1226,99%,7,20,1,0.2,1,544,98%,5,21,1,864,0.83,1,1010,0.91,2,,,,,,1,1,351,60%,107,64%,1,105,1,1,29,1,1359,21.1,2,202,107,4.7,3,1359,1,2.8,3,,,3,3,3,2,5,10,,,,,,
06,Coventry,S,All Students,,All,K12,-1,12,4176,99%,41,55,2,5.9,2,4171,99%,39,54,2,5.5,2,1800,99%,42,57,2,3413,0.95,2,3423,0.99,2,54,100%,57%,0.78,2,1,1,1054,84%,334,82%,3,337,36,1,59,2,3910,15.9,2,285,268,1.8,3,4026,1,3.4,3,2,,3,6,4,3,5,12,Mid Level,Mid Level,Mid Level,Mid Level,Mid Level,Strong
06,Coventry,S,American Indian or Alaska Native,2Race/Ethnicity,AM7,K12,-1,12,17,100%,12,35,,0.0,,17,100%,24,41,,5.9,,7,,,,,12,0.92,,12,1.33,,0,,,,,1,,4,,4,,,3,,,,,16,18.4,,285,2,0.7,,37,2,10.7,1,,,0,,,,1,1,,,,,,
06,Coventry,S,Asian,2Race/Ethnicity,AS7,K12,-1,12,91,99%,64,73,3,8.9,2,90,100%,67,76,3,18.9,3,39,100%,64,73,3,75,0.95,2,77,1.25,3,11,100%,64%,0.86,,1,3,12,100%,12,100%,,9,,,,,78,7.7,3,285,5,0.8,3,82,1,2.5,3,,,3,9,5,,5,14,,,,,,
06,Coventry,S,Black or African American,2Race/Ethnicity,BL7,K12,-1,12,63,98%,37,50,2,11.3,3,63,100%,30,43,2,3.2,2,35,100%,37,51,2,54,0.96,2,56,0.95,2,4,,,,,1,3,25,76%,26,73%,2,20,30,1,50,2,60,11.6,3,285,5,2.8,3,61,1,9.8,2,,,3,6,4,3,5,13,,,,,,
06,Coventry,S,Hispanic,2Race/Ethnicity,HI7,K12,-1,12,306,100%,29,45,2,2.3,2,306,100%,27,43,2,1.6,1,123,99%,25,43,2,225,0.94,2,227,0.89,2,35,100%,57%,0.78,2,1,2,56,79%,41,73%,2,39,28,1,56,2,337,22.6,2,285,23,1.7,3,351,1,3.1,3,,,3,6,4,3,5,11,,,,,,
06,Coventry,S,Two or More Races,2Race/Ethnicity,MU7,K12,-1,12,135,99%,43,54,2,12.7,3,134,100%,44,57,2,10.4,3,56,100%,39,55,2,99,0.85,2,99,0.98,2,0,,,,,1,3,21,81%,21,81%,3,12,33,,53,,145,12.4,3,285,10,1.8,3,150,1,5.3,2,,,3,6,4,,5,14,,,,,,
06,Coventry,S,Native Hawaiian or Other Pacific Islander,2Race/Ethnicity,PI7,K12,-1,12,2,,,,,,,2,,,,,,,1,,,,,2,,,2,,,0,,,,,1,,0,,0,,,0,,,,,3,,,285,,,,9,3,,,,,0,,,,0,,,,,,,
06,Coventry,S,White,2Race/Ethnicity,WH7,K12,-1,12,3562,99%,41,55,2,5.9,2,3559,99%,39,55,2,5.3,2,1539,98%,43,58,2,2946,0.95,2,2950,0.99,2,4,,,,,1,1,936,85%,293,82%,3,298,35,1,57,2,3270,15.7,2,285,223,1.8,3,3361,1,3.3,3,,,3,6,4,3,5,12,,,,,,
06,Coventry,S,Economically Disadvantaged,3Program Status,FRL,K12,-1,12,1399,98%,28,43,2,2.8,2,1396,98%,26,42,2,2.4,2,570,97%,30,46,2,1102,0.91,2,1105,0.90,2,34,100%,62%,0.82,2,1,1,336,67%,113,66%,1,113,15,1,36,1,1621,26.1,2,285,114,2.1,3,1668,1,6.1,2,,,3,6,4,2,5,11,,,,,,
06,Coventry,S,Students with Disabilities,3Program Status,IEP,K12,-1,12,721,97%,7,18,1,0.3,1,720,98%,10,23,1,0.7,1,293,96%,11,26,1,533,0.78,1,537,0.86,2,10,100%,40%,0.64,,1,1,176,65%,56,57%,1,56,4,1,23,1,727,21.5,2,285,54,2.8,3,763,1,10.8,1,,,3,3,3,2,5,8,,,,,,
06,Coventry,S,English Learners,3Program Status,LEP,K12,-1,12,45,96%,28,41,2,0.0,1,44,98%,35,51,2,0.0,1,19,95%,33,46,,33,0.82,1,36,1.14,3,,,,,,1,,7,,7,,,4,,,,,38,26.4,2,285,3,1.4,3,38,1,2.6,3,,,2,,4,,5,10,,,,,,
07,Cranston,S,All Students,,All,K12,-1,12,10431,99%,34,48,2,4.1,2,10420,99%,25,42,2,2.4,2,4605,98%,27,45,2,8534,0.94,2,8610,0.95,2,1912,99%,49%,0.72,2,1,1,2649,88%,826,88%,3,873,26,1,55,2,9830,20.4,2,815,753,4.5,3,9954,1,4.1,3,0,,3,6,4,3,5,12,Mid Level,Mid Level,Mid Level,Mid Level,Mid Level,Strong
07,Cranston,S,American Indian or Alaska Native,2Race/Ethnicity,AM7,K12,-1,12,79,100%,23,37,1,1.3,1,79,99%,19,35,1,0.0,1,35,97%,24,40,2,69,1.04,2,68,1.04,2,16,100%,50%,0.68,,1,3,17,94%,17,94%,,11,27,,48,,64,24.9,2,815,5,4.8,3,65,1,9.3,2,,,3,4,4,,5,9,,,,,,
07,Cranston,S,Asian,2Race/Ethnicity,AS7,K12,-1,12,899,100%,44,57,2,6.9,2,898,100%,39,54,2,7.3,2,412,99%,37,53,2,767,1.07,2,772,1.02,2,227,99%,49%,0.74,2,1,1,198,92%,59,90%,4,60,42,2,57,2,819,15.4,2,815,58,5.3,3,830,1,1.1,3,,,3,6,4,4,5,12,,,,,,
07,Cranston,S,Black or African American,2Race/Ethnicity,BL7,K12,-1,12,472,99%,29,44,2,2.6,2,472,99%,13,31,1,0.6,1,214,99%,15,35,1,363,0.95,2,367,0.86,2,64,100%,48%,0.72,2,1,1,147,87%,54,85%,3,55,13,1,44,2,475,16.0,2,815,37,4.6,3,485,1,7.0,2,,,3,4,4,3,5,10,,,,,,
07,Cranston,S,Hispanic,2Race/Ethnicity,HI7,K12,-1,12,3696,99%,23,39,1,1.8,1,3690,99%,15,32,1,0.5,1,1638,98%,18,37,1,2995,0.96,2,3062,0.95,2,1498,100%,48%,0.71,2,1,1,849,85%,273,85%,3,296,13,1,39,2,3636,24.7,2,815,282,4.7,3,3697,1,5.1,2,,,3,3,4,3,5,9,,,,,,
07,Cranston,S,Two or More Races,2Race/Ethnicity,MU7,K12,-1,12,670,100%,35,51,2,2.8,2,670,99%,27,44,2,2.6,2,255,98%,32,49,2,527,0.94,2,527,0.92,2,12,100%,67%,0.83,,1,1,123,86%,31,94%,3,31,19,1,71,2,607,22.3,2,815,45,4.5,3,617,1,6.2,2,,,3,6,4,3,5,11,,,,,,
07,Cranston,S,Native Hawaiian or Other Pacific Islander,2Race/Ethnicity,PI7,K12,-1,12,35,100%,29,39,1,2.9,2,35,100%,23,37,1,2.9,2,13,100%,38,49,,31,0.84,1,31,1.19,3,12,100%,42%,0.66,,1,,8,,8,,,6,,,,,26,19.2,2,815,2,2.6,3,26,1,0.0,3,,,2,,4,,5,12,,,,,,
07,Cranston,S,White,2Race/Ethnicity,WH7,K12,-1,12,4580,99%,41,55,2,5.9,2,4576,99%,31,48,2,3.3,2,2038,98%,33,51,2,3782,0.90,2,3783,0.95,2,83,99%,65%,0.88,2,1,1,1307,90%,402,89%,4,424,35,1,67,2,4203,17.8,2,815,324,4.2,3,4235,1,3.1,3,,,3,6,4,3,5,12,,,,,,
07,Cranston,S,Economically Disadvantaged,3Program Status,FRL,K12,-1,12,5347,99%,23,39,1,1.6,1,5341,99%,15,33,1,1.0,1,2321,98%,19,38,1,4317,0.95,2,4387,0.93,2,1634,100%,49%,0.73,2,1,1,1396,83%,491,85%,3,524,17,1,41,2,5736,26.7,2,815,466,4.6,3,5807,1,5.4,2,,,3,3,4,3,5,9,,,,,,
07,Cranston,S,Students with Disabilities,3Program Status,IEP,K12,-1,12,1662,97%,7,17,1,0.2,1,1659,97%,5,16,1,0.1,1,725,96%,8,24,1,1231,0.89,2,1228,0.84,1,335,99%,40%,0.63,2,1,1,426,75%,125,69%,2,140,2,1,22,1,1650,27.6,2,815,210,3.7,3,1705,1,8.0,2,,,3,3,3,2,5,9,,,,,,
07,Cranston,S,English Learners,3Program Status,LEP,K12,-1,12,1346,99%,13,27,1,0.3,1,1345,99%,12,28,1,0.7,1,531,98%,7,25,1,1008,1.03,2,1096,0.97,2,,,,,,1,1,214,74%,79,71%,2,77,4,1,22,1,1218,21.7,2,815,102,4.4,3,1218,1,4.4,3,,,3,3,4,2,5,10,,,,,,
08,Cumberland,S,All Students,,All,K12,-1,12,4958,99%,55,66,2,10.5,3,4950,99%,54,66,2,10.5,3,2087,98%,49,63,2,3979,1.09,2,4009,1.08,2,408,98%,54%,0.77,2,1,1,1085,92%,349,92%,4,352,44,2,53,2,4754,15.7,2,383,363,8.6,3,4819,1,3.1,3,1,,3,6,4,4,5,14,Mid Level,Mid Level,Mid Level,Strong,Mid Level,Strong
08,Cumberland,S,American Indian or Alaska Native,2Race/Ethnicity,AM7,K12,-1,12,1,,,,,,,1,,,,,,,0,,,,,1,,,1,,,2,,,,,1,,2,,2,,,1,,,,,2,,,383,,,,9,3,,,,,0,,,,0,,,,,,,
08,Cumberland,S,Asian,2Race/Ethnicity,AS7,K12,-1,12,320,99%,75,81,4,22.6,3,319,100%,82,86,4,36.7,3,119,99%,71,79,3,238,1.31,3,243,1.35,3,83,94%,66%,0.89,2,1,3,22,100%,22,95%,5,15,53,,69,,320,15.0,2,383,24,6.4,3,331,1,0.0,3,,,3,11,6,,5,14,,,,,,
08,Cumberland,S,Black or African American,2Race/Ethnicity,BL7,K12,-1,12,191,99%,38,52,2,5.3,2,190,99%,30,46,2,1.6,1,80,99%,34,50,2,136,1.13,3,140,0.93,2,46,98%,49%,0.70,2,1,1,45,87%,21,86%,3,20,25,1,49,2,200,19.0,2,383,18,9.9,3,203,1,9.4,2,,,3,6,5,3,5,10,,,,,,
08,Cumberland,S,Hispanic,2Race/Ethnicity,HI7,K12,-1,12,661,99%,33,48,2,3.4,2,660,99%,33,49,2,1.4,1,290,98%,25,44,2,524,1.01,2,540,1.03,2,210,98%,51%,0.74,2,1,1,154,86%,55,82%,3,55,24,1,39,2,701,27.3,2,383,62,8.7,3,711,1,6.3,2,,,3,6,4,3,5,10,,,,,,
08,Cumberland,S,Two or More Races,2Race/Ethnicity,MU7,K12,-1,12,227,98%,55,66,2,9.5,2,226,98%,55,66,2,9.0,2,94,97%,51,64,2,170,1.02,2,169,1.11,3,4,,,,,1,2,29,86%,23,83%,3,22,23,1,40,2,231,18.6,2,383,17,8.0,3,235,1,5.5,2,,,3,6,5,3,5,11,,,,,,
08,Cumberland,S,Native Hawaiian or Other Pacific Islander,2Race/Ethnicity,PI7,K12,-1,12,0,,,,,,,0,,,,,,,0,,,,,0,,,0,,,0,,,,,1,,0,,0,,,0,,,,,0,,,383,,,,0,3,,,,,0,,,,0,,,,,,,
08,Cumberland,S,White,2Race/Ethnicity,WH7,K12,-1,12,3558,99%,59,69,3,11.1,3,3554,99%,57,68,3,10.4,3,1504,98%,53,66,2,2910,1.09,2,2916,1.08,2,63,100%,49%,0.78,2,1,1,833,93%,257,95%,5,260,51,2,56,2,3300,12.9,3,383,241,8.7,3,3337,1,2.2,3,,,3,8,4,4,5,15,,,,,,
08,Cumberland,S,Economically Disadvantaged,3Program Status,FRL,K12,-1,12,1187,99%,33,47,2,2.9,2,1182,98%,30,46,2,2.8,2,507,96%,26,43,2,910,1.04,2,931,0.99,2,250,99%,50%,0.74,2,1,1,283,82%,100,83%,3,100,23,1,37,1,1381,30.6,1,383,123,9.8,3,1402,1,8.1,2,,,3,6,4,2,5,10,,,,,,
08,Cumberland,S,Students with Disabilities,3Program Status,IEP,K12,-1,12,815,98%,14,27,1,2.8,2,815,98%,17,32,1,3.0,2,331,95%,19,35,1,558,1.01,2,567,0.97,2,87,95%,48%,0.70,2,1,1,140,68%,36,67%,1,42,7,1,5,1,803,24.8,2,383,98,9.4,3,835,1,7.7,2,,,3,3,4,2,5,11,,,,,,
08,Cumberland,S,English Learners,3Program Status,LEP,K12,-1,12,329,99%,24,40,2,0.9,1,330,99%,35,50,2,4.0,2,108,97%,15,34,1,219,1.09,2,247,1.12,3,,,,,,1,2,36,81%,31,77%,3,28,0,1,22,1,300,24.7,2,383,36,9.1,3,300,1,5.0,2,,,3,5,5,2,5,10,,,,,,
09,East Greenwich,S,All Students,,All,K12,-1,12,2659,99%,63,73,3,15.3,3,2660,99%,61,72,3,13.8,3,1106,99%,65,75,3,2169,1.07,2,2173,1.13,3,67,99%,50%,0.71,2,1,1,576,97%,181,93%,4,183,64,2,77,3,2443,8.6,3,188,175,6.2,3,2462,1,0.6,3,0,,3,9,5,5,5,15,Strong,Strong,Mid Level,Strong,Strong,Strong
09,East Greenwich,S,American Indian or Alaska Native,2Race/Ethnicity,AM7,K12,-1,12,9,,,,,,,9,,,,,,,4,,,,,8,,,8,,,0,,,,,1,,1,,1,,,0,,,,,5,,,188,,,,17,3,0.0,,,,0,,,,0,,,,,,,
09,East Greenwich,S,Asian,2Race/Ethnicity,AS7,K12,-1,12,247,100%,64,73,3,21.5,3,247,100%,75,82,4,26.4,3,102,99%,70,77,3,199,1.10,3,201,1.33,3,47,100%,53%,0.72,2,1,2,39,97%,29,93%,4,28,89,3,95,3,222,6.7,3,188,16,6.5,3,224,1,0.4,3,,,3,10,6,6,5,15,,,,,,
09,East Greenwich,S,Black or African American,2Race/Ethnicity,BL7,K12,-1,12,36,100%,39,51,2,8.3,2,36,100%,39,53,2,11.1,3,14,93%,43,52,,28,1.14,3,27,1.15,3,0,,,,,1,,1,,1,,,1,,,,,35,17.3,2,188,3,10.4,2,35,1,0.0,3,,1,2,,6,,5,12,,,,,,
09,East Greenwich,S,Hispanic,2Race/Ethnicity,HI7,K12,-1,12,186,99%,54,64,2,10.9,3,187,99%,48,61,2,8.6,2,84,98%,54,67,2,148,1.04,2,149,1.11,3,14,93%,29%,0.57,,1,2,36,89%,26,92%,3,27,44,2,69,2,189,13.8,3,188,15,8.1,3,190,1,0.5,3,,,3,6,5,4,5,14,,,,,,
09,East Greenwich,S,Two or More Races,2Race/Ethnicity,MU7,K12,-1,12,140,100%,65,75,3,20.7,3,140,100%,69,77,3,22.9,3,63,100%,76,82,3,122,1.09,2,122,1.08,2,0,,,,,1,3,15,87%,15,87%,,9,,,,,130,8.5,3,188,9,6.2,3,130,1,0.8,3,,,3,9,4,,5,15,,,,,,
09,East Greenwich,S,Native Hawaiian or Other Pacific Islander,2Race/Ethnicity,PI7,K12,-1,12,0,,,,,,,0,,,,,,,0,,,,,0,,,0,,,0,,,,,1,,0,,0,,,0,,,,,0,,,188,,,,0,3,,,,,0,,,,0,,,,,,,
09,East Greenwich,S,White,2Race/Ethnicity,WH7,K12,-1,12,2041,99%,64,74,3,14.8,3,2041,99%,61,72,3,12.3,3,839,99%,65,75,3,1664,1.06,2,1666,1.11,3,6,,,,,1,1,484,97%,143,94%,4,146,64,2,76,3,1863,8.2,3,188,132,5.8,3,1878,1,0.7,3,,,3,9,5,5,5,15,,,,,,
09,East Greenwich,S,Economically Disadvantaged,3Program Status,FRL,K12,-1,12,283,98%,36,49,2,7.6,2,283,99%,33,48,2,7.9,2,128,98%,39,53,2,233,0.88,2,239,1.02,2,26,100%,42%,0.66,2,1,1,59,81%,29,83%,3,28,39,2,62,2,349,18.6,2,188,29,7.1,3,353,1,2.3,3,,,3,6,4,4,5,12,,,,,,
09,East Greenwich,S,Students with Disabilities,3Program Status,IEP,K12,-1,12,334,97%,14,29,1,1.9,1,335,97%,18,32,1,1.8,1,128,95%,21,37,1,236,0.89,2,235,0.92,2,10,100%,40%,0.62,,1,1,67,85%,28,75%,3,28,25,1,11,1,336,12.8,3,188,35,5.5,3,345,1,3.8,3,,,3,3,4,2,5,11,,,,,,
09,East Greenwich,S,English Learners,3Program Status,LEP,K12,-1,12,53,98%,19,36,1,0.0,1,53,98%,38,54,2,5.8,2,21,95%,10,30,1,36,0.92,2,43,1.19,3,,,,,,1,,3,,3,,,1,,,,,49,16.2,2,188,4,5.4,3,49,1,2.0,3,,,3,4,5,,5,11,,,,,,
10,East Providence,S,All Students,,All,K12,-1,12,5072,99%,33,46,2,4.0,2,5066,99%,29,44,2,3.9,2,2251,97%,27,43,2,4083,0.84,1,4096,0.94,2,445,99%,51%,0.72,2,1,1,1209,83%,438,80%,3,447,18,1,57,2,4977,19.5,2,423,399,5.4,3,5170,1,8.6,2,1,,3,6,3,3,5,11,Mid Level,Mid Level,Mid Level,Mid Level,Mid Level,Mid Level
10,East Providence,S,American Indian or Alaska Native,2Race/Ethnicity,AM7,K12,-1,12,46,100%,15,30,1,2.2,2,46,100%,20,34,1,0.0,1,19,100%,32,53,,41,1.00,2,41,1.00,2,8,,,,,1,3,12,75%,12,75%,,10,20,,34,,38,34.4,1,423,3,9.1,3,40,1,20.1,1,,,2,,4,,5,8,,,,,,
10,East Providence,S,Asian,2Race/Ethnicity,AS7,K12,-1,12,80,100%,51,63,2,8.8,2,79,100%,52,64,2,15.2,3,30,97%,48,62,2,63,1.05,2,63,1.13,3,26,100%,62%,0.88,2,1,3,13,92%,13,92%,,10,30,,93,,78,7.7,3,423,7,3.4,3,86,1,0.0,3,,,3,6,5,,5,14,,,,,,
10,East Providence,S,Black or African American,2Race/Ethnicity,BL7,K12,-1,12,608,98%,26,39,1,2.7,2,608,98%,19,35,1,2.2,2,288,97%,14,32,1,489,0.83,1,497,0.93,2,90,100%,49%,0.69,2,1,1,142,78%,53,74%,2,53,11,1,51,2,593,17.4,2,423,50,5.3,3,618,1,12.0,1,,,3,3,3,3,5,10,,,,,,
10,East Providence,S,Hispanic,2Race/Ethnicity,HI7,K12,-1,12,851,99%,25,39,1,1.9,1,850,99%,22,38,1,2.4,2,346,97%,20,36,1,671,0.84,1,673,0.93,2,162,99%,47%,0.69,2,1,1,147,79%,60,83%,2,61,13,1,52,2,889,22.3,2,423,74,4.8,3,909,1,11.8,1,,,3,3,3,3,5,9,,,,,,
10,East Providence,S,Two or More Races,2Race/Ethnicity,MU7,K12,-1,12,521,99%,29,44,2,2.7,2,520,99%,25,41,2,2.5,2,223,97%,28,44,2,410,0.75,1,412,0.90,2,8,,,,,1,1,98,84%,40,78%,3,39,13,1,46,2,509,20.8,2,423,40,5.2,3,524,1,9.2,2,,,3,6,3,3,5,11,,,,,,
10,East Providence,S,Native Hawaiian or Other Pacific Islander,2Race/Ethnicity,PI7,K12,-1,12,1,,,,,,,1,,,,,,,0,,,,,1,,,1,,,0,,,,,1,,1,,1,,,1,,,,,1,,,423,,,,6,3,,,,,0,,,,0,,,,,,,
10,East Providence,S,White,2Race/Ethnicity,WH7,K12,-1,12,2965,99%,37,50,2,5.0,2,2962,98%,33,48,2,4.7,2,1345,97%,31,46,2,2408,0.86,2,2409,0.95,2,151,99%,56%,0.76,2,1,1,796,84%,274,80%,3,282,20,1,60,2,2869,19.1,2,423,224,5.8,3,2993,1,7.0,2,,,3,6,4,3,5,11,,,,,,
10,East Providence,S,Economically Disadvantaged,3Program Status,FRL,K12,-1,12,2636,98%,24,38,1,1.7,1,2631,98%,20,36,1,2.3,2,1166,97%,20,36,1,2092,0.80,1,2103,0.92,2,317,99%,53%,0.73,2,1,1,734,76%,281,73%,2,290,13,1,48,2,2942,25.4,2,423,244,5.3,3,3043,1,11.4,1,,,3,3,3,3,5,9,,,,,,
10,East Providence,S,Students with Disabilities,3Program Status,IEP,K12,-1,12,970,98%,4,13,1,0.4,1,968,97%,5,16,1,0.7,1,393,96%,6,18,1,709,0.72,1,703,0.78,1,123,98%,42%,0.66,2,1,1,220,64%,80,61%,1,84,2,1,25,1,969,20.8,2,423,98,6.1,3,1041,1,13.9,1,,,3,3,2,2,5,8,,,,,,
10,East Providence,S,English Learners,3Program Status,LEP,K12,-1,12,339,99%,16,31,1,0.0,1,338,99%,16,31,1,1.5,1,157,99%,10,27,1,265,0.91,2,285,0.99,2,,,,,,1,2,51,76%,35,74%,2,32,3,1,23,1,310,21.9,2,423,30,7.4,3,310,1,5.8,2,,,3,3,4,2,5,9,,,,,,
12,Foster,E,All Students,,All,,-1,5,221,99%,25,44,2,1.8,1,221,99%,30,48,2,1.8,1,74,100%,34,46,2,145,1.08,2,146,1.25,3,3,,,,,,,,,,,,,,,,,225,16.9,2,15,14,0.0,,234,1,5.5,2,0,,3,6,5,,4,6,Mid Level,Strong,,,,Mid Level
12,Foster,E,American Indian or Alaska Native,2Race/Ethnicity,AM7,,-1,5,0,,,,,,,0,,,,,,,0,,,,,0,,,0,,,0,,,,,,,,,,,,,,,,,0,,,15,,,,0,3,,,,,0,,,,0,,,,,,,
12,Foster,E,Asian,2Race/Ethnicity,AS7,,-1,5,1,,,,,,,1,,,,,,,0,,,,,0,,,0,,,0,,,,,,,,,,,,,,,,,1,,,15,,,,2,3,,,,,0,,,,0,,,,,,,
12,Foster,E,Black or African American,2Race/Ethnicity,BL7,,-1,5,2,,,,,,,2,,,,,,,0,,,,,1,,,1,,,0,,,,,,,,,,,,,,,,,3,,,15,,,,5,3,,,,,0,,,,0,,,,,,,
12,Foster,E,Hispanic,2Race/Ethnicity,HI7,,-1,5,13,100%,15,26,,0.0,,13,100%,23,38,,0.0,,6,,,,,7,,,8,,,3,,,,,,,,,,,,,,,,,8,,,15,,,,20,2,0.0,3,,,0,,,,1,3,,,,,,
12,Foster,E,Two or More Races,2Race/Ethnicity,MU7,,-1,5,1,,,,,,,1,,,,,,,1,,,,,1,,,1,,,0,,,,,,,,,,,,,,,,,0,,,15,,,,3,3,,,,,0,,,,0,,,,,,,
12,Foster,E,Native Hawaiian or Other Pacific Islander,2Race/Ethnicity,PI7,,-1,5,0,,,,,,,0,,,,,,,0,,,,,0,,,0,,,0,,,,,,,,,,,,,,,,,0,,,15,,,,0,3,,,,,0,,,,0,,,,,,,
12,Foster,E,White,2Race/Ethnicity,WH7,,-1,5,204,99%,25,45,2,1.5,1,204,99%,30,49,2,1.5,1,67,100%,36,48,2,136,1.07,2,136,1.26,3,0,,,,,,,,,,,,,,,,,213,17.4,2,15,13,0.0,,222,1,5.8,2,,,3,6,5,,4,6,,,,,,
12,Foster,E,Economically Disadvantaged,3Program Status,FRL,,-1,5,74,99%,21,38,1,1.4,1,74,99%,25,42,2,0.0,1,26,100%,19,35,1,49,1.08,2,49,1.14,3,1,,,,,,,,,,,,,,,,,72,29.3,2,15,5,0.0,,74,1,14.8,1,,,3,4,5,,4,5,,,,,,
12,Foster,E,Students with Disabilities,3Program Status,IEP,,-1,5,36,94%,3,10,1,0.0,1,36,94%,11,24,1,0.0,1,13,100%,0,5,,23,0.61,1,23,0.91,2,1,,,,,,,,,,,,,,,,,41,14.8,3,15,3,0.0,,45,1,2.2,3,,1,2,,3,,4,8,,,,,,
12,Foster,E,English Learners,3Program Status,LEP,,-1,5,3,,,,,,,3,,,,,,,1,,,,,1,,,2,,,,,,,,,,,,,,,,,,,,1,,,15,,,,5,3,,,,,0,,,,0,,,,,,,
13,Glocester,E,All Students,,All,,-1,5,585,100%,52,65,2,3.9,2,583,99%,62,73,3,7.4,2,204,99%,66,75,3,383,1.09,2,382,1.26,3,2,,,,,,,,,,,,,,,,,557,10.4,3,35,30,3.3,3,560,1,0.2,3,0,,3,8,5,,5,13,Mid Level,Strong,,,,Strong
13,Glocester,E,American Indian or Alaska Native,2Race/Ethnicity,AM7,,-1,5,0,,,,,,,0,,,,,,,0,,,,,0,,,0,,,0,,,,,,,,,,,,,,,,,0,,,35,,,,0,3,,,,,0,,,,0,,,,,,,
13,Glocester,E,Asian,2Race/Ethnicity,AS7,,-1,5,0,,,,,,,0,,,,,,,0,,,,,0,,,0,,,0,,,,,,,,,,,,,,,,,0,,,35,,,,0,3,,,,,0,,,,0,,,,,,,
13,Glocester,E,Black or African American,2Race/Ethnicity,BL7,,-1,5,6,,,,,,,6,,,,,,,3,,,,,3,,,3,,,0,,,,,,,,,,,,,,,,,5,,,35,,,,12,3,0.0,,,,0,,,,0,,,,,,,
13,Glocester,E,Hispanic,2Race/Ethnicity,HI7,,-1,5,23,100%,39,58,2,8.7,2,23,100%,74,81,3,13.0,3,7,,,,,14,1.36,,14,1.50,,0,,,,,,,,,,,,,,,,,28,24.9,2,35,2,6.2,3,28,1,0.0,3,,,2,,,,5,13,,,,,,
13,Glocester,E,Two or More Races,2Race/Ethnicity,MU7,,-1,5,22,100%,68,73,3,0.0,1,22,100%,73,77,3,18.2,3,9,,,,,14,1.21,,14,1.29,,0,,,,,,,,,,,,,,,,,19,5.2,,35,1,0.0,3,21,1,0.0,3,,,2,,,,4,10,,,,,,
13,Glocester,E,Native Hawaiian or Other Pacific Islander,2Race/Ethnicity,PI7,,-1,5,0,,,,,,,0,,,,,,,0,,,,,0,,,0,,,0,,,,,,,,,,,,,,,,,0,,,35,,,,0,3,,,,,0,,,,0,,,,,,,
13,Glocester,E,White,2Race/Ethnicity,WH7,,-1,5,534,100%,52,65,2,3.9,2,532,99%,61,72,3,6.8,2,185,99%,67,76,3,352,1.07,2,351,1.25,3,2,,,,,,,,,,,,,,,,,504,9.9,3,35,27,3.3,3,506,1,0.2,3,,,3,8,5,,5,13,,,,,,
13,Glocester,E,Economically Disadvantaged,3Program Status,FRL,,-1,5,120,100%,48,60,2,3.3,2,118,100%,52,64,2,5.1,2,35,100%,54,65,2,74,1.15,3,74,1.16,3,2,,,,,,,,,,,,,,,,,147,14.3,3,35,8,1.8,3,149,1,0.0,3,,,3,6,6,,5,13,,,,,,
13,Glocester,E,Students with Disabilities,3Program Status,IEP,,-1,5,82,98%,11,22,1,0.0,1,81,96%,18,33,1,3.8,2,30,93%,10,28,1,47,0.96,2,46,1.11,3,2,,,,,,,,,,,,,,,,,89,16.8,2,35,5,2.1,3,93,1,1.1,3,,1,3,3,5,,5,11,,,,,,
13,Glocester,E,English Learners,3Program Status,LEP,,-1,5,2,,,,,,,2,,,,,,,0,,,,,1,,,1,,,,,,,,,,,,,,,,,,,,6,,,35,,,,7,3,,,,,0,,,,0,,,,,,,
15,Jamestown,S,All Students,,All,K8,-1,12,542,100%,65,75,3,14.8,3,542,100%,66,76,3,14.2,3,181,99%,63,73,3,395,1.04,2,396,0.97,2,2,,,,,,,,,,,,,,,,,383,4.2,3,35,33,0.0,3,395,1,0.0,3,0,,3,9,4,,5,15,Strong,Mid Level,,,,Strong
15,Jamestown,S,American Indian or Alaska Native,2Race/Ethnicity,AM7,K8,-1,12,0,,,,,,,0,,,,,,,0,,,,,0,,,0,,,0,,,,,,,,,,,,,,,,,1,,,35,,,,1,3,,,,,0,,,,0,,,,,,,
15,Jamestown,S,Asian,2Race/Ethnicity,AS7,K8,-1,12,5,,,,,,,5,,,,,,,1,,,,,5,,,5,,,0,,,,,,,,,,,,,,,,,2,,,35,,,,8,3,,,,,0,,,,0,,,,,,,
15,Jamestown,S,Black or African American,2Race/Ethnicity,BL7,K8,-1,12,3,,,,,,,3,,,,,,,2,,,,,1,,,1,,,0,,,,,,,,,,,,,,,,,5,,,35,,,,8,3,,,,,0,,,,0,,,,,,,
15,Jamestown,S,Hispanic,2Race/Ethnicity,HI7,K8,-1,12,2,,,,,,,2,,,,,,,0,,,,,0,,,0,,,0,,,,,,,,,,,,,,,,,5,,,35,,,,12,3,0.0,,,,0,,,,0,,,,,,,
15,Jamestown,S,Two or More Races,2Race/Ethnicity,MU7,K8,-1,12,20,100%,55,67,2,0.0,1,20,100%,55,68,3,0.0,1,6,,,,,16,1.06,,15,0.93,,0,,,,,,,,,,,,,,,,,16,12.3,,35,2,0.0,,36,2,0.0,3,,,2,,,,3,5,,,,,,
15,Jamestown,S,Native Hawaiian or Other Pacific Islander,2Race/Ethnicity,PI7,K8,-1,12,1,,,,,,,1,,,,,,,0,,,,,1,,,1,,,0,,,,,,,,,,,,,,,,,0,,,35,,,,2,3,,,,,0,,,,0,,,,,,,
15,Jamestown,S,White,2Race/Ethnicity,WH7,K8,-1,12,511,100%,66,76,3,15.7,3,511,100%,67,77,3,15.1,3,172,99%,64,74,3,372,1.03,2,374,0.97,2,2,,,,,,,,,,,,,,,,,354,2.8,3,35,30,0.0,3,364,1,0.0,3,,,3,9,4,,5,15,,,,,,
15,Jamestown,S,Economically Disadvantaged,3Program Status,FRL,K8,-1,12,49,98%,40,53,2,8.3,2,49,98%,31,49,2,4.2,2,21,100%,48,57,2,42,0.83,1,41,0.90,2,2,,,,,,,,,,,,,,,,,42,14.3,3,35,4,0.0,3,43,1,0.0,3,,,3,6,3,,5,13,,,,,,
15,Jamestown,S,Students with Disabilities,3Program Status,IEP,K8,-1,12,93,99%,20,36,1,0.0,1,93,99%,30,46,2,5.4,2,28,96%,15,31,1,66,0.91,2,66,0.92,2,2,,,,,,,,,,,,,,,,,65,9.2,3,35,6,0.0,3,69,1,0.0,3,,,3,4,4,,5,12,,,,,,
15,Jamestown,S,English Learners,3Program Status,LEP,K8,-1,12,2,,,,,,,2,,,,,,,1,,,,,2,,,2,,,,,,,,,,,,,,,,,,,,1,,,35,,,,5,3,,,,,0,,,,0,,,,,,,
16,Johnston,S,All Students,,All,K12,-1,12,3218,98%,31,46,2,3.4,2,3211,99%,21,39,1,1.2,1,1328,98%,22,41,2,2557,0.97,2,2580,0.92,2,502,99%,49%,0.74,2,1,1,563,83%,188,84%,3,180,14,1,35,1,3025,22.9,2,223,205,12.9,2,3112,1,5.7,2,1,,3,5,4,2,5,9,Mid Level,Mid Level,Mid Level,Mid Level,Focus Area,Mid Level
16,Johnston,S,American Indian or Alaska Native,2Race/Ethnicity,AM7,K12,-1,12,6,,,,,,,6,,,,,,,3,,,,,6,,,6,,,2,,,,,1,,6,,6,,,5,,,,,13,22.2,,223,1,20.6,,26,2,3.9,3,,,0,,,,1,3,,,,,,
16,Johnston,S,Asian,2Race/Ethnicity,AS7,K12,-1,12,129,98%,45,60,2,0.8,1,129,98%,35,53,2,4.8,2,55,100%,33,52,2,112,1.13,3,111,1.06,2,17,100%,47%,0.73,,1,3,17,88%,17,88%,,11,36,,50,,108,14.9,3,223,7,10.7,2,111,1,0.9,3,,,3,6,5,,5,11,,,,,,
16,Johnston,S,Black or African American,2Race/Ethnicity,BL7,K12,-1,12,211,99%,30,46,2,4.8,2,211,99%,24,41,2,1.0,1,80,99%,15,33,1,155,0.94,2,156,0.99,2,28,100%,71%,0.88,2,1,2,32,91%,20,90%,4,21,5,1,16,1,220,10.5,3,223,15,11.5,2,227,1,6.6,2,,,3,5,4,2,5,10,,,,,,
16,Johnston,S,Hispanic,2Race/Ethnicity,HI7,K12,-1,12,1023,99%,26,41,2,2.8,2,1022,99%,15,33,1,0.6,1,411,97%,15,35,1,811,0.99,2,831,0.89,2,402,99%,48%,0.72,2,1,1,148,83%,51,86%,3,49,8,1,29,1,1016,26.1,2,223,70,13.4,2,1048,1,5.5,2,,,3,4,4,2,5,9,,,,,,
16,Johnston,S,Two or More Races,2Race/Ethnicity,MU7,K12,-1,12,57,98%,25,36,1,5.4,2,57,96%,18,35,1,0.0,1,19,95%,33,48,,43,1.05,2,42,0.95,2,0,,,,,1,,6,,6,,,3,,,,,85,28.3,2,223,6,11.2,2,90,1,11.1,1,,,2,,4,,5,8,,,,,,
16,Johnston,S,Native Hawaiian or Other Pacific Islander,2Race/Ethnicity,PI7,K12,-1,12,4,,,,,,,4,,,,,,,3,,,,,4,,,4,,,0,,,,,1,,1,,1,,,1,,,,,3,,,223,,,,10,3,9.9,,,,0,,,,0,,,,,,,
16,Johnston,S,White,2Race/Ethnicity,WH7,K12,-1,12,1788,98%,34,49,2,3.7,2,1782,99%,23,42,2,1.4,1,757,98%,26,44,2,1426,0.95,2,1430,0.92,2,53,100%,53%,0.80,2,1,1,353,83%,122,84%,3,116,16,1,39,2,1581,22.8,2,223,106,12.9,2,1619,1,5.7,2,,,3,6,4,3,5,9,,,,,,
16,Johnston,S,Economically Disadvantaged,3Program Status,FRL,K12,-1,12,1663,98%,26,41,2,1.8,1,1659,98%,15,33,1,0.4,1,649,97%,16,35,1,1299,0.96,2,1312,0.92,2,349,100%,49%,0.73,2,1,1,294,76%,98,78%,2,95,6,1,30,1,1855,28.6,2,223,128,13.1,2,1903,1,7.9,2,,,3,4,4,2,5,8,,,,,,
16,Johnston,S,Students with Disabilities,3Program Status,IEP,K12,-1,12,647,96%,7,18,1,1.0,1,645,97%,5,17,1,0.0,1,277,94%,6,20,1,450,0.88,2,446,0.80,1,148,98%,36%,0.61,2,1,1,111,59%,35,51%,1,27,0,1,4,1,682,29.3,2,223,50,11.4,2,726,1,9.8,2,,1,3,3,3,2,5,8,,,,,,
16,Johnston,S,English Learners,3Program Status,LEP,K12,-1,12,370,99%,9,25,1,0.3,1,369,100%,8,25,1,0.0,1,141,97%,7,24,1,268,1.05,2,290,0.85,2,,,,,,1,2,34,85%,27,89%,3,26,4,1,28,1,338,26.0,2,223,25,11.3,2,338,1,3.0,3,,,3,3,4,2,5,9,,,,,,
17,Lincoln,S,All Students,,All,K12,-1,12,3514,98%,46,59,2,6.9,2,3510,98%,47,60,2,9.3,2,1496,97%,45,59,2,2817,0.97,2,2813,0.99,2,149,100%,55%,0.80,2,1,1,751,89%,249,89%,3,249,47,2,52,2,3159,16.7,2,235,212,4.8,3,3220,1,4.7,3,1,,3,6,4,4,5,12,Mid Level,Mid Level,Mid Level,Mid Level,Mid Level,Strong
17,Lincoln,S,American Indian or Alaska Native,2Race/Ethnicity,AM7,K12,-1,12,4,,,,,,,4,,,,,,,3,,,,,4,,,4,,,0,,,,,1,,1,,1,,,0,,,,,5,,,235,,,,18,3,22.1,,,,0,,,,0,,,,,,,
17,Lincoln,S,Asian,2Race/Ethnicity,AS7,K12,-1,12,147,99%,66,75,3,11.0,3,146,99%,73,80,3,22.2,3,50,100%,60,69,3,108,1.07,2,106,1.09,2,16,100%,69%,0.83,,1,3,26,96%,26,96%,5,15,67,,82,,138,11.6,3,235,9,3.3,3,143,1,0.0,3,,,3,9,4,,5,15,,,,,,
17,Lincoln,S,Black or African American,2Race/Ethnicity,BL7,K12,-1,12,223,98%,33,47,2,2.3,2,222,99%,30,47,2,3.6,2,89,98%,23,43,2,176,1.00,2,178,0.95,2,11,100%,45%,0.79,,1,2,42,88%,22,82%,3,22,23,1,24,1,197,12.2,3,235,13,5.0,3,202,1,6.9,2,,,3,6,4,2,5,12,,,,,,
17,Lincoln,S,Hispanic,2Race/Ethnicity,HI7,K12,-1,12,439,97%,29,43,2,2.6,2,439,96%,28,44,2,4.0,2,190,93%,26,43,2,354,0.97,2,350,0.97,2,82,100%,56%,0.81,2,1,1,70,87%,30,83%,3,29,28,1,41,2,397,23.7,2,235,27,5.0,3,403,1,13.9,1,,1,3,6,4,3,5,10,,,,,,
17,Lincoln,S,Two or More Races,2Race/Ethnicity,MU7,K12,-1,12,131,97%,46,56,2,6.3,2,130,99%,42,55,2,7.0,2,64,95%,33,48,2,101,0.91,2,103,0.94,2,0,,,,,1,3,22,91%,22,91%,4,17,41,,76,,117,19.7,2,235,8,4.7,3,120,1,1.7,3,,,3,6,4,,5,12,,,,,,
17,Lincoln,S,Native Hawaiian or Other Pacific Islander,2Race/Ethnicity,PI7,K12,-1,12,23,100%,48,57,2,13.0,3,23,96%,41,53,2,4.5,2,11,91%,36,52,,19,1.11,,17,0.82,,1,,,,,1,,4,,4,,,2,,,,,18,27.4,,235,1,5.9,,36,2,8.4,2,,1,2,,,,3,7,,,,,,
17,Lincoln,S,White,2Race/Ethnicity,WH7,K12,-1,12,2547,98%,49,62,2,7.7,2,2546,98%,51,63,2,10.1,3,1089,97%,49,63,2,2055,0.96,2,2055,1.00,2,39,100%,49%,0.76,2,1,1,586,88%,191,90%,3,192,50,2,54,2,2286,16.1,2,235,152,4.8,3,2328,1,3.3,3,,,3,6,4,4,5,13,,,,,,
17,Lincoln,S,Economically Disadvantaged,3Program Status,FRL,K12,-1,12,1033,97%,25,40,2,2.4,2,1030,96%,25,41,2,2.2,2,442,95%,25,43,2,819,0.94,2,814,0.93,2,86,100%,56%,0.81,2,1,1,249,76%,101,80%,2,104,29,1,34,1,1150,28.6,2,235,84,4.9,3,1178,1,8.8,2,,,3,6,4,2,5,11,,,,,,
17,Lincoln,S,Students with Disabilities,3Program Status,IEP,K12,-1,12,596,95%,8,19,1,1.2,1,595,94%,10,22,1,1.1,1,231,90%,9,25,1,416,0.84,1,414,0.81,1,51,100%,43%,0.69,2,1,1,114,79%,42,79%,2,45,4,1,11,1,557,24.6,2,235,49,4.6,3,592,1,9.8,2,,1,3,3,2,2,5,9,,,,,,
17,Lincoln,S,English Learners,3Program Status,LEP,K12,-1,12,128,97%,15,33,1,0.8,1,128,96%,21,37,1,1.6,1,53,98%,12,35,1,97,0.95,2,100,1.07,2,,,,,,1,3,21,86%,21,86%,3,18,17,,17,,102,14.7,3,235,8,3.9,3,102,1,10.8,1,,,3,3,4,,5,9,,,,,,
18,Little Compton,S,All Students,,All,K8,-1,12,275,100%,72,80,3,17.5,3,275,100%,69,77,3,14.5,3,94,100%,63,73,3,221,1.10,3,221,1.02,2,2,,,,,,,,,,,,,,,,,206,7.3,3,26,25,4.0,3,213,1,6.1,2,0,,3,9,5,,5,14,Strong,Strong,,,,Strong
18,Little Compton,S,American Indian or Alaska Native,2Race/Ethnicity,AM7,K8,-1,12,0,,,,,,,0,,,,,,,0,,,,,0,,,0,,,0,,,,,,,,,,,,,,,,,0,,,26,,,,1,3,,,,,0,,,,0,,,,,,,
18,Little Compton,S,Asian,2Race/Ethnicity,AS7,K8,-1,12,0,,,,,,,0,,,,,,,0,,,,,0,,,0,,,0,,,,,,,,,,,,,,,,,0,,,26,,,,0,3,,,,,0,,,,0,,,,,,,
18,Little Compton,S,Black or African American,2Race/Ethnicity,BL7,K8,-1,12,9,,,,,,,9,,,,,,,5,,,,,9,,,9,,,0,,,,,,,,,,,,,,,,,9,,,26,1,8.5,,16,3,25.4,,,,0,,,,0,,,,,,,
18,Little Compton,S,Hispanic,2Race/Ethnicity,HI7,K8,-1,12,2,,,,,,,2,,,,,,,0,,,,,2,,,2,,,2,,,,,,,,,,,,,,,,,8,,,26,,,,20,3,0.0,,,,0,,,,0,,,,,,,
18,Little Compton,S,Two or More Races,2Race/Ethnicity,MU7,K8,-1,12,6,,,,,,,6,,,,,,,4,,,,,6,,,6,,,0,,,,,,,,,,,,,,,,,0,,,26,,,,16,3,19.2,,,,0,,,,0,,,,,,,
18,Little Compton,S,Native Hawaiian or Other Pacific Islander,2Race/Ethnicity,PI7,K8,-1,12,1,,,,,,,1,,,,,,,0,,,,,1,,,1,,,0,,,,,,,,,,,,,,,,,1,,,26,,,,1,3,,,,,0,,,,0,,,,,,,
18,Little Compton,S,White,2Race/Ethnicity,WH7,K8,-1,12,257,100%,75,82,4,18.7,3,257,100%,71,79,3,15.6,3,85,100%,68,77,3,203,1.11,3,203,1.05,2,0,,,,,,,,,,,,,,,,,188,6.4,3,26,22,3.6,3,193,1,6.2,2,,,3,10,5,,5,14,,,,,,
18,Little Compton,S,Economically Disadvantaged,3Program Status,FRL,K8,-1,12,48,100%,52,65,2,8.3,2,48,100%,48,59,2,16.7,3,13,100%,23,41,,42,1.10,3,42,0.98,2,1,,,,,,,,,,,,,,,,,51,9.8,3,26,6,3.1,3,54,1,16.8,1,,,2,,5,,5,12,,,,,,
18,Little Compton,S,Students with Disabilities,3Program Status,IEP,K8,-1,12,51,100%,25,44,2,5.9,2,51,100%,18,35,1,2.0,2,20,100%,20,40,2,40,0.98,2,40,0.70,1,1,,,,,,,,,,,,,,,,,42,7.2,3,26,5,1.9,3,44,1,18.0,1,,,3,5,3,,5,11,,,,,,
18,Little Compton,S,English Learners,3Program Status,LEP,K8,-1,12,0,,,,,,,0,,,,,,,0,,,,,0,,,0,,,,,,,,,,,,,,,,,,,,3,,,26,,,,5,3,,,,,0,,,,0,,,,,,,
19,Middletown,S,All Students,,All,K12,-1,12,1854,99%,44,57,2,9.0,2,1844,99%,33,50,2,5.6,2,799,97%,38,53,2,1411,1.03,2,1429,1.09,2,183,100%,61%,0.82,2,1,1,467,90%,158,87%,4,157,35,1,53,2,1807,19.8,2,151,140,2.3,3,1826,1,3.1,3,2,,3,6,4,3,5,12,Mid Level,Mid Level,Mid Level,Strong,Mid Level,Strong
19,Middletown,S,American Indian or Alaska Native,2Race/Ethnicity,AM7,K12,-1,12,14,93%,21,24,,0.0,,14,93%,14,21,,0.0,,7,,,,,10,0.80,,10,0.50,,0,,,,,1,,2,,2,,,0,,,,,16,37.7,,151,1,4.5,,24,2,12.4,1,,1,0,,,,1,1,,,,,,
19,Middletown,S,Asian,2Race/Ethnicity,AS7,K12,-1,12,62,97%,57,68,3,21.7,3,61,98%,53,68,3,13.3,3,31,97%,67,77,3,46,1.11,3,45,1.20,3,4,,,,,1,3,17,94%,17,94%,,8,,,,,71,25.3,2,151,6,3.7,3,73,1,0.0,3,,,3,9,6,,5,14,,,,,,
19,Middletown,S,Black or African American,2Race/Ethnicity,BL7,K12,-1,12,107,98%,33,44,2,3.8,2,106,98%,15,31,1,1.0,1,45,96%,16,36,1,74,1.11,3,73,1.01,2,2,,,,,1,3,30,90%,30,90%,4,14,7,,31,,98,19.5,2,151,8,1.9,3,101,1,6.0,2,,,3,4,5,,5,10,,,,,,
19,Middletown,S,Hispanic,2Race/Ethnicity,HI7,K12,-1,12,330,99%,35,49,2,3.7,2,327,99%,24,42,2,2.5,2,129,95%,32,48,2,229,1.03,2,241,1.10,3,136,100%,59%,0.80,2,1,1,65,78%,29,69%,2,28,18,1,31,1,347,21.9,2,151,28,3.0,3,351,1,2.9,3,,,3,6,5,2,5,12,,,,,,
19,Middletown,S,Two or More Races,2Race/Ethnicity,MU7,K12,-1,12,178,98%,38,51,2,6.9,2,178,99%,25,41,2,4.5,2,73,96%,37,53,2,135,0.93,2,136,0.95,2,1,,,,,1,2,34,82%,25,88%,3,27,37,1,39,2,156,26.3,2,151,12,1.8,3,157,1,5.7,2,,,3,6,4,3,5,11,,,,,,
19,Middletown,S,Native Hawaiian or Other Pacific Islander,2Race/Ethnicity,PI7,K12,-1,12,5,,,,,,,5,,,,,,,3,,,,,5,,,5,,,0,,,,,1,,0,,0,,,0,,,,,2,,,151,,,,9,3,,,,,0,,,,0,,,,,,,
19,Middletown,S,White,2Race/Ethnicity,WH7,K12,-1,12,1158,99%,48,61,2,10.8,3,1153,99%,38,55,2,6.7,2,511,99%,40,55,2,912,1.04,2,919,1.12,3,40,100%,65%,0.86,2,1,1,319,93%,103,91%,4,102,40,2,62,2,1117,17.7,2,151,85,2.0,3,1126,1,2.5,3,,,3,6,5,4,5,13,,,,,,
19,Middletown,S,Economically Disadvantaged,3Program Status,FRL,K12,-1,12,679,99%,30,44,2,3.4,2,676,99%,19,37,1,1.9,1,288,96%,28,44,2,508,0.99,2,525,1.06,2,137,100%,61%,0.80,2,1,1,171,82%,61,77%,3,61,16,1,31,1,745,27.8,2,151,59,2.6,3,755,1,6.5,2,,,3,5,4,2,5,10,,,,,,
19,Middletown,S,Students with Disabilities,3Program Status,IEP,K12,-1,12,396,96%,13,26,1,1.0,1,393,96%,13,26,1,0.5,1,163,92%,16,30,1,265,0.87,2,266,0.92,2,34,100%,56%,0.83,2,1,1,81,81%,26,65%,1,25,4,1,12,1,384,22.7,2,151,32,1.7,3,396,1,8.6,2,,1,3,3,4,2,5,9,,,,,,
19,Middletown,S,English Learners,3Program Status,LEP,K12,-1,12,157,99%,25,40,2,0.6,1,156,99%,19,38,1,1.3,1,51,94%,18,35,1,105,1.13,3,123,1.12,3,,,,,,1,3,26,69%,26,62%,1,18,6,,18,,173,30.1,1,151,15,5.6,3,173,1,1.2,3,,1,3,4,6,,5,9,,,,,,
20,Narragansett,S,All Students,,All,K12,-1,12,972,100%,57,68,3,10.4,3,972,100%,53,66,2,8.4,2,474,99%,47,63,2,817,1.06,2,821,1.03,2,7,,,,,1,1,387,95%,135,98%,5,137,47,2,71,2,900,16.1,2,118,112,1.4,3,985,1,0.8,3,0,,3,7,4,4,5,13,Mid Level,Mid Level,,Strong,Mid Level,Strong
20,Narragansett,S,American Indian or Alaska Native,2Race/Ethnicity,AM7,K12,-1,12,5,,,,,,,5,,,,,,,3,,,,,5,,,5,,,0,,,,,1,,3,,3,,,2,,,,,3,,,118,,,,11,3,17.6,,,,0,,,,0,,,,,,,
20,Narragansett,S,Asian,2Race/Ethnicity,AS7,K12,-1,12,17,100%,53,69,,5.9,,17,100%,71,80,,17.6,,7,,,,,13,0.92,,13,1.15,,4,,,,,1,,9,,9,,,2,,,,,17,12.0,,118,2,0.6,,35,2,0.0,3,,,0,,,,1,3,,,,,,
20,Narragansett,S,Black or African American,2Race/Ethnicity,BL7,K12,-1,12,8,,,,,,,8,,,,,,,5,,,,,5,,,6,,,1,,,,,1,,4,,4,,,3,,,,,9,,,118,,,,21,2,0.0,3,,,0,,,,1,3,,,,,,
20,Narragansett,S,Hispanic,2Race/Ethnicity,HI7,K12,-1,12,48,100%,50,65,2,2.1,2,48,100%,50,65,2,6.3,2,23,100%,39,55,2,41,0.95,2,41,1.17,3,2,,,,,1,3,10,90%,10,90%,,8,,,,,47,16.9,2,118,6,1.6,3,53,1,0.0,3,,,3,6,5,,5,12,,,,,,
20,Narragansett,S,Two or More Races,2Race/Ethnicity,MU7,K12,-1,12,73,99%,46,58,2,4.2,2,73,99%,49,60,2,8.3,2,29,100%,31,48,2,54,0.93,2,54,0.91,2,0,,,,,1,3,21,90%,20,90%,4,15,27,,30,,63,20.6,2,118,7,0.7,3,72,1,1.4,3,,,3,6,4,,5,12,,,,,,
20,Narragansett,S,Native Hawaiian or Other Pacific Islander,2Race/Ethnicity,PI7,K12,-1,12,0,,,,,,,0,,,,,,,0,,,,,0,,,0,,,0,,,,,1,,0,,0,,,0,,,,,0,,,118,,,,0,3,,,,,0,,,,0,,,,,,,
20,Narragansett,S,White,2Race/Ethnicity,WH7,K12,-1,12,821,100%,59,70,3,11.7,3,821,100%,54,67,2,8.4,2,407,99%,50,65,2,699,1.09,2,702,1.02,2,0,,,,,1,1,340,95%,118,97%,5,119,51,2,74,3,760,15.7,2,118,95,1.4,3,831,1,0.8,3,,,3,7,4,5,5,13,,,,,,
20,Narragansett,S,Economically Disadvantaged,3Program Status,FRL,K12,-1,12,217,99%,47,59,2,5.6,2,217,99%,44,59,2,6.5,2,103,99%,35,52,2,182,1.03,2,184,1.03,2,6,,,,,1,1,79,87%,29,100%,5,32,28,1,58,2,272,24.6,2,118,33,1.3,3,292,1,1.4,3,,,3,6,4,3,5,12,,,,,,
20,Narragansett,S,Students with Disabilities,3Program Status,IEP,K12,-1,12,132,100%,14,28,1,0.0,1,132,100%,11,28,1,2.3,2,63,97%,15,34,1,101,1.01,2,101,1.07,2,2,,,,,1,1,76,91%,28,93%,4,30,3,1,28,1,149,18.1,2,118,29,0.6,3,177,1,1.7,3,,,3,3,4,2,5,11,,,,,,
20,Narragansett,S,English Learners,3Program Status,LEP,K12,-1,12,5,,,,,,,5,,,,,,,3,,,,,4,,,5,,,,,,,,1,,1,,1,,,0,,,,,5,,,118,,,,16,3,0.0,,,,0,,,,0,,,,,,,
21,Newport,S,All Students,,All,K12,-1,12,1736,98%,19,32,1,2.1,2,1732,98%,14,29,1,1.6,1,765,96%,18,34,1,1330,0.84,1,1363,0.77,1,548,99%,41%,0.66,2,1,1,518,80%,156,81%,3,161,22,1,49,2,1746,34.5,1,175,167,13.0,2,1765,1,15.4,1,7,,3,3,2,3,5,7,Focus Area,Focus Area,Mid Level,Mid Level,Mid Level,Mid Level
21,Newport,S,American Indian or Alaska Native,2Race/Ethnicity,AM7,K12,-1,12,43,93%,5,13,1,0.0,1,43,93%,0,8,1,0.0,1,19,89%,0,18,,34,0.74,1,33,0.61,1,2,,,,,1,3,10,50%,10,50%,,8,,,,,41,38.9,1,175,4,13.9,2,42,1,11.9,1,,1,2,,2,,5,6,,,,,,
21,Newport,S,Asian,2Race/Ethnicity,AS7,K12,-1,12,24,100%,33,50,2,4.2,2,24,100%,46,58,2,0.0,1,10,100%,50,60,,20,0.80,1,20,1.10,3,3,,,,,1,,6,,6,,,2,,,,,17,11.6,,175,2,14.0,,42,2,0.0,3,,,2,,4,,3,6,,,,,,
21,Newport,S,Black or African American,2Race/Ethnicity,BL7,K12,-1,12,180,97%,10,23,1,0.0,1,180,97%,9,20,1,1.1,1,76,93%,5,21,1,129,0.81,1,130,0.79,1,2,,,,,1,2,58,79%,37,84%,2,39,18,1,44,2,167,40.2,1,175,17,11.8,2,168,1,26.2,1,,1,3,3,2,3,5,6,,,,,,
21,Newport,S,Hispanic,2Race/Ethnicity,HI7,K12,-1,12,689,98%,11,22,1,0.6,1,688,99%,6,20,1,0.7,1,299,97%,10,26,1,526,0.83,1,553,0.72,1,507,99%,40%,0.64,2,1,1,198,73%,59,78%,2,61,7,1,30,1,734,35.6,1,175,70,14.7,2,741,1,13.0,1,,,3,3,2,2,5,6,,,,,,
21,Newport,S,Two or More Races,2Race/Ethnicity,MU7,K12,-1,12,243,97%,14,28,1,0.4,1,241,97%,13,27,1,0.9,1,118,92%,11,26,1,186,0.72,1,189,0.70,1,3,,,,,1,2,51,73%,32,66%,1,32,19,1,44,2,229,42.4,1,175,23,12.8,2,230,1,37.4,1,,1,3,3,2,3,5,6,,,,,,
21,Newport,S,Native Hawaiian or Other Pacific Islander,2Race/Ethnicity,PI7,K12,-1,12,5,,,,,,,5,,,,,,,3,,,,,4,,,4,,,0,,,,,1,,3,,3,,,0,,,,,4,,,175,,,,14,3,0.0,,,,0,,,,0,,,,,,,
21,Newport,S,White,2Race/Ethnicity,WH7,K12,-1,12,552,99%,34,49,2,5.1,2,551,99%,25,42,2,3.3,2,240,99%,36,52,2,431,0.93,2,434,0.84,1,31,100%,58%,0.86,2,1,1,192,91%,61,90%,4,62,42,2,78,3,554,28.9,2,175,51,11.2,2,562,1,7.1,2,,,3,6,3,5,5,10,,,,,,
21,Newport,S,Economically Disadvantaged,3Program Status,FRL,K12,-1,12,1253,97%,11,24,1,0.7,1,1249,98%,8,21,1,0.6,1,555,96%,11,26,1,967,0.79,1,1000,0.75,1,495,99%,41%,0.65,2,1,1,383,76%,110,77%,2,117,9,1,35,1,1316,40.1,1,175,130,13.5,2,1329,1,17.7,1,,,3,3,2,2,5,6,,,,,,
21,Newport,S,Students with Disabilities,3Program Status,IEP,K12,-1,12,463,96%,6,15,1,0.4,1,461,96%,6,15,1,1.4,1,184,92%,7,17,1,314,0.76,1,318,0.71,1,112,98%,38%,0.57,1,1,1,90,70%,30,57%,1,33,3,1,15,1,455,37.1,1,175,62,11.9,2,466,1,28.9,1,,1,3,3,2,2,5,6,,,,,,
21,Newport,S,English Learners,3Program Status,LEP,K12,-1,12,334,100%,3,13,1,0.0,1,334,99%,5,18,1,0.3,1,142,97%,3,20,1,252,0.84,1,277,0.75,1,,,,,,1,1,112,76%,30,80%,2,31,0,1,10,1,370,36.2,1,175,34,18.4,1,370,1,9.5,2,,,3,3,2,2,5,6,,,,,,
22,New Shoreham,S,All Students,,All,K12,-1,12,142,99%,50,61,2,2.1,2,142,99%,39,55,2,2.1,2,66,98%,38,53,2,114,1.14,3,113,1.04,2,27,100%,44%,0.68,2,1,3,24,96%,24,96%,5,14,21,,46,,120,16.6,2,25,22,19.1,1,120,1,1.7,3,0,,3,6,5,,5,10,Mid Level,Strong,Mid Level,Strong,,Mid Level
22,New Shoreham,S,American Indian or Alaska Native,2Race/Ethnicity,AM7,K12,-1,12,0,,,,,,,0,,,,,,,0,,,,,0,,,0,,,0,,,,,1,,0,,0,,,0,,,,,0,,,25,,,,0,3,,,,,0,,,,0,,,,,,,
22,New Shoreham,S,Asian,2Race/Ethnicity,AS7,K12,-1,12,0,,,,,,,0,,,,,,,0,,,,,0,,,0,,,0,,,,,1,,0,,0,,,0,,,,,0,,,25,,,,0,3,,,,,0,,,,0,,,,,,,
22,New Shoreham,S,Black or African American,2Race/Ethnicity,BL7,K12,-1,12,2,,,,,,,2,,,,,,,1,,,,,2,,,2,,,0,,,,,1,,0,,0,,,0,,,,,1,,,25,,,,3,3,,,,,0,,,,0,,,,,,,
22,New Shoreham,S,Hispanic,2Race/Ethnicity,HI7,K12,-1,12,38,100%,42,50,2,0.0,1,38,100%,34,48,2,0.0,1,19,100%,37,49,,30,0.93,2,30,0.87,2,27,100%,44%,0.68,2,1,,3,,3,,,2,,,,,35,20.1,2,25,7,17.8,1,35,1,2.9,3,,,2,,4,,5,8,,,,,,
22,New Shoreham,S,Two or More Races,2Race/Ethnicity,MU7,K12,-1,12,5,,,,,,,5,,,,,,,3,,,,,5,,,5,,,0,,,,,1,,0,,0,,,0,,,,,4,,,25,,,,10,3,,,,,0,,,,0,,,,,,,
22,New Shoreham,S,Native Hawaiian or Other Pacific Islander,2Race/Ethnicity,PI7,K12,-1,12,0,,,,,,,0,,,,,,,0,,,,,0,,,0,,,0,,,,,1,,0,,0,,,0,,,,,0,,,25,,,,0,3,,,,,0,,,,0,,,,,,,
22,New Shoreham,S,White,2Race/Ethnicity,WH7,K12,-1,12,97,98%,55,67,2,3.2,2,97,98%,42,58,2,3.2,2,43,98%,38,55,2,77,1.23,3,76,1.08,2,0,,,,,1,3,21,95%,21,95%,5,12,25,,44,,81,14.8,3,25,14,19.0,1,81,1,1.2,3,,,3,6,5,,5,11,,,,,,
22,New Shoreham,S,Economically Disadvantaged,3Program Status,FRL,K12,-1,12,46,100%,48,54,2,0.0,1,46,100%,33,49,2,0.0,1,21,100%,29,44,2,36,0.94,2,36,0.86,2,23,100%,39%,0.64,2,1,,5,,5,,,3,,,,,55,16.2,2,25,10,21.4,1,55,1,3.6,3,,,3,6,4,,5,8,,,,,,
22,New Shoreham,S,Students with Disabilities,3Program Status,IEP,K12,-1,12,28,93%,7,23,1,0.0,1,28,93%,15,33,1,0.0,1,13,92%,8,26,,22,1.05,2,22,1.00,2,7,,,,,1,,6,,6,,,4,,,,,21,23.5,2,25,4,10.9,2,21,1,0.0,3,,1,2,,4,,5,9,,,,,,
22,New Shoreham,S,English Learners,3Program Status,LEP,K12,-1,12,22,100%,27,33,1,0.0,1,22,100%,36,44,2,0.0,1,10,100%,10,23,,17,0.88,,17,0.88,,,,,,,1,,2,,2,,,2,,,,,18,10.9,,25,4,22.7,,32,2,0.0,3,,,2,,,,3,5,,,,,,
23,North Kingstown,S,All Students,,All,K12,-1,12,3803,99%,58,68,3,13.3,3,3803,98%,53,65,2,11.6,3,1723,98%,54,66,2,3136,1.07,2,3121,1.00,2,132,97%,60%,0.81,2,1,1,1061,91%,326,94%,4,331,58,2,84,3,3685,14.3,3,363,333,5.1,3,3738,1,3.2,3,0,,3,7,4,5,5,15,Mid Level,Mid Level,Mid Level,Strong,Strong,Strong
23,North Kingstown,S,American Indian or Alaska Native,2Race/Ethnicity,AM7,K12,-1,12,19,100%,26,40,,0.0,,19,100%,21,33,,0.0,,9,,,,,16,0.88,,16,1.06,,0,,,,,1,,2,,2,,,1,,,,,18,61.2,,363,3,5.0,,38,2,23.5,1,,,0,,,,1,1,,,,,,
23,North Kingstown,S,Asian,2Race/Ethnicity,AS7,K12,-1,12,90,100%,66,73,3,14.4,3,90,100%,67,76,3,27.8,3,40,98%,49,62,2,71,1.21,3,74,1.22,3,34,97%,82%,0.99,3,1,3,24,100%,24,96%,5,16,69,,95,,89,10.1,3,363,7,3.9,3,90,1,0.0,3,,,3,8,6,,5,15,,,,,,
23,North Kingstown,S,Black or African American,2Race/Ethnicity,BL7,K12,-1,12,110,99%,26,41,2,0.9,1,110,99%,23,40,2,0.9,1,45,98%,23,41,2,90,0.97,2,90,0.90,2,6,,,,,1,3,14,86%,14,86%,,10,20,,66,,93,24.7,2,363,13,5.8,3,96,1,23.0,1,,,3,6,4,,5,8,,,,,,
23,North Kingstown,S,Hispanic,2Race/Ethnicity,HI7,K12,-1,12,321,99%,35,50,2,4.7,2,322,99%,32,48,2,3.5,2,135,97%,31,49,2,269,0.94,2,271,0.94,2,77,97%,52%,0.71,2,1,2,62,81%,39,79%,3,20,20,1,46,2,312,25.3,2,363,32,6.3,3,319,1,4.7,3,,,3,6,4,3,5,12,,,,,,
23,North Kingstown,S,Two or More Races,2Race/Ethnicity,MU7,K12,-1,12,223,97%,48,59,2,8.3,2,223,96%,36,51,2,7.9,2,104,95%,40,55,2,174,1.16,3,172,1.04,2,3,,,,,1,2,33,91%,23,91%,4,23,70,2,80,3,228,25.9,2,363,20,8.6,3,231,1,2.6,3,,,3,6,5,5,5,12,,,,,,
23,North Kingstown,S,Native Hawaiian or Other Pacific Islander,2Race/Ethnicity,PI7,K12,-1,12,3,,,,,,,3,,,,,,,2,,,,,3,,,3,,,0,,,,,1,,0,,0,,,0,,,,,2,,,363,,,,5,3,,,,,0,,,,0,,,,,,,
23,North Kingstown,S,White,2Race/Ethnicity,WH7,K12,-1,12,3037,99%,62,72,3,15.1,3,3036,98%,57,69,3,12.8,3,1388,98%,58,70,3,2513,1.08,2,2495,1.00,2,12,92%,58%,0.85,,1,1,926,91%,280,95%,5,285,61,2,87,3,2944,11.7,3,363,258,4.7,3,2982,1,2.4,3,,,3,9,4,5,5,15,,,,,,
23,North Kingstown,S,Economically Disadvantaged,3Program Status,FRL,K12,-1,12,951,98%,32,46,2,3.1,2,950,97%,25,42,2,2.1,2,395,95%,30,46,2,777,0.95,2,766,0.91,2,86,98%,55%,0.76,2,1,1,195,71%,62,81%,2,64,25,1,48,2,1065,28.5,2,363,122,5.5,3,1089,1,7.4,2,,,3,6,4,3,5,11,,,,,,
23,North Kingstown,S,Students with Disabilities,3Program Status,IEP,K12,-1,12,614,96%,12,25,1,1.4,1,614,96%,12,28,1,1.4,1,252,93%,11,27,1,455,0.92,2,452,0.82,1,31,94%,40%,0.61,2,1,1,98,71%,31,74%,2,34,12,1,25,1,589,22.9,2,363,103,5.9,3,619,1,8.4,2,,1,3,3,3,2,5,9,,,,,,
23,North Kingstown,S,English Learners,3Program Status,LEP,K12,-1,12,117,100%,26,41,2,3.4,2,117,100%,34,47,2,12.0,3,37,97%,19,39,1,90,1.19,3,95,1.01,2,,,,,,1,3,14,71%,14,64%,,7,,,,,83,16.8,2,363,10,3.1,3,83,1,1.2,3,,,3,5,5,,5,13,,,,,,
24,North Providence,S,All Students,,All,K12,-1,12,3552,99%,35,49,2,4.9,2,3550,99%,23,40,2,2.2,2,1514,98%,29,47,2,2873,1.02,2,2903,0.98,2,687,99%,44%,0.66,2,1,1,839,89%,260,87%,3,253,28,1,56,2,3414,20.2,2,270,244,7.3,3,3466,1,4.8,3,0,,3,6,4,3,5,12,Mid Level,Mid Level,Mid Level,Mid Level,Mid Level,Strong
24,North Providence,S,American Indian or Alaska Native,2Race/Ethnicity,AM7,K12,-1,12,10,100%,0,17,,0.0,,10,100%,0,20,,0.0,,4,,,,,8,,,8,,,1,,,,,1,,5,,5,,,4,,,,,11,34.9,,270,1,11.5,,21,2,0.0,3,,,0,,,,1,3,,,,,,
24,North Providence,S,Asian,2Race/Ethnicity,AS7,K12,-1,12,124,100%,44,55,2,13.7,3,123,100%,41,54,2,11.4,3,55,100%,42,55,2,93,1.16,3,95,1.02,2,53,100%,51%,0.67,2,1,3,22,91%,22,91%,4,13,62,,64,,129,14.0,3,270,9,7.2,3,132,1,0.0,3,,,3,6,5,,5,15,,,,,,
24,North Providence,S,Black or African American,2Race/Ethnicity,BL7,K12,-1,12,490,99%,33,47,2,4.5,2,490,100%,18,36,1,1.0,1,214,99%,24,43,2,396,1.07,2,402,1.04,2,123,100%,43%,0.65,2,1,1,118,88%,32,78%,3,28,32,1,54,2,494,11.9,3,270,36,6.5,3,507,1,3.4,3,,,3,5,4,3,5,12,,,,,,
24,North Providence,S,Hispanic,2Race/Ethnicity,HI7,K12,-1,12,979,99%,28,43,2,3.4,2,977,99%,17,35,1,1.2,1,406,99%,20,39,1,782,0.98,2,789,0.99,2,410,99%,44%,0.66,2,1,1,218,87%,77,88%,3,74,24,1,46,2,969,23.8,2,270,71,8.2,3,985,1,5.4,2,,,3,4,4,3,5,10,,,,,,
24,North Providence,S,Two or More Races,2Race/Ethnicity,MU7,K12,-1,12,217,100%,36,52,2,4.6,2,217,99%,25,42,2,3.7,2,92,100%,30,49,2,173,1.01,2,175,0.94,2,8,,,,,1,2,34,85%,22,86%,3,23,13,1,59,2,221,25.8,2,270,16,6.6,3,223,1,6.3,2,,,3,6,4,3,5,11,,,,,,
24,North Providence,S,Native Hawaiian or Other Pacific Islander,2Race/Ethnicity,PI7,K12,-1,12,1,,,,,,,1,,,,,,,1,,,,,0,,,0,,,1,,,,,1,,1,,1,,,0,,,,,7,,,270,,,,11,3,0.0,,,,0,,,,0,,,,,,,
24,North Providence,S,White,2Race/Ethnicity,WH7,K12,-1,12,1731,99%,38,52,2,5.3,2,1732,99%,27,44,2,2.2,2,742,97%,35,51,2,1421,1.03,2,1434,0.96,2,91,99%,38%,0.63,2,1,1,441,90%,131,89%,4,132,31,1,61,2,1583,19.9,2,270,110,7.1,3,1601,1,5.2,2,,,3,6,4,3,5,11,,,,,,
24,North Providence,S,Economically Disadvantaged,3Program Status,FRL,K12,-1,12,1726,99%,26,42,2,2.9,2,1726,99%,16,33,1,1.2,1,698,98%,21,39,1,1364,0.96,2,1385,0.95,2,429,99%,41%,0.63,2,1,1,464,85%,155,85%,3,151,21,1,49,2,1802,27.1,2,270,132,7.0,3,1829,1,6.3,2,,,3,4,4,3,5,10,,,,,,
24,North Providence,S,Students with Disabilities,3Program Status,IEP,K12,-1,12,656,98%,6,17,1,0.6,1,656,98%,4,16,1,0.3,1,228,96%,6,21,1,460,0.93,2,462,0.94,2,156,97%,38%,0.60,2,1,1,135,79%,45,78%,2,45,4,1,22,1,673,23.0,2,270,55,6.7,3,702,1,10.5,1,,,3,3,4,2,5,8,,,,,,
24,North Providence,S,English Learners,3Program Status,LEP,K12,-1,12,467,99%,13,28,1,0.9,1,467,99%,9,25,1,0.4,1,184,99%,8,27,1,352,1.03,2,378,0.96,2,,,,,,1,1,50,76%,25,76%,2,23,4,1,34,1,434,18.2,2,270,33,6.9,3,434,1,3.7,3,,,3,3,4,2,5,10,,,,,,
25,North Smithfield,S,All Students,,All,K12,-1,12,1691,99%,59,69,3,12.2,3,1690,99%,56,68,3,11.2,3,741,99%,48,62,2,1406,1.10,3,1405,1.16,3,53,100%,47%,0.75,2,1,1,374,91%,127,91%,4,128,42,2,63,2,1591,12.1,3,125,118,2.3,3,1614,1,4.3,3,0,,3,8,6,4,5,15,Mid Level,Strong,Mid Level,Strong,Mid Level,Strong
25,North Smithfield,S,American Indian or Alaska Native,2Race/Ethnicity,AM7,K12,-1,12,1,,,,,,,1,,,,,,,0,,,,,1,,,1,,,2,,,,,1,,0,,0,,,0,,,,,1,,,125,,,,5,3,,,,,0,,,,0,,,,,,,
25,North Smithfield,S,Asian,2Race/Ethnicity,AS7,K12,-1,12,34,100%,62,71,3,23.5,3,34,100%,65,73,3,14.7,3,17,100%,59,69,,29,1.21,3,29,1.21,3,9,,,,,1,,3,,3,,,2,,,,,35,5.7,3,125,3,3.8,3,36,1,0.0,3,,,2,,6,,5,15,,,,,,
25,North Smithfield,S,Black or African American,2Race/Ethnicity,BL7,K12,-1,12,25,100%,68,75,3,8.0,2,25,100%,52,63,2,8.0,2,11,100%,55,67,,21,1.48,3,21,1.43,3,0,,,,,1,,7,,7,,,3,,,,,34,3.0,3,125,3,3.2,3,34,1,17.8,1,,,2,,6,,5,11,,,,,,
25,North Smithfield,S,Hispanic,2Race/Ethnicity,HI7,K12,-1,12,193,99%,51,63,2,5.8,2,193,99%,40,56,2,2.6,2,86,97%,31,51,2,161,1.20,3,161,1.11,3,29,100%,41%,0.77,2,1,1,42,81%,23,91%,3,23,22,1,62,2,186,20.4,2,125,13,2.0,3,189,1,6.4,2,,,3,6,6,3,5,11,,,,,,
25,North Smithfield,S,Two or More Races,2Race/Ethnicity,MU7,K12,-1,12,83,100%,61,69,3,8.4,2,83,100%,58,66,2,10.8,3,34,97%,52,65,2,63,0.97,2,63,1.14,3,0,,,,,1,3,17,82%,17,82%,,9,,,,,77,10.3,3,125,7,0.0,3,78,1,11.5,1,,,3,7,5,,5,12,,,,,,
25,North Smithfield,S,Native Hawaiian or Other Pacific Islander,2Race/Ethnicity,PI7,K12,-1,12,0,,,,,,,0,,,,,,,0,,,,,0,,,0,,,0,,,,,1,,1,,1,,,0,,,,,0,,,125,,,,0,3,,,,,0,,,,0,,,,,,,
25,North Smithfield,S,White,2Race/Ethnicity,WH7,K12,-1,12,1355,99%,59,70,3,13.2,3,1354,99%,58,70,3,12.4,3,593,99%,50,64,2,1131,1.09,2,1130,1.16,3,13,100%,54%,0.70,,1,1,304,94%,97,95%,5,100,48,2,64,2,1257,11.4,3,125,92,2.4,3,1277,1,3.4,3,,,3,8,5,4,5,15,,,,,,
25,North Smithfield,S,Economically Disadvantaged,3Program Status,FRL,K12,-1,12,381,99%,44,57,2,4.0,2,380,99%,38,53,2,2.7,2,162,98%,34,49,2,315,1.08,2,316,1.08,2,26,100%,42%,0.71,2,1,1,89,78%,39,79%,2,38,18,1,48,2,461,22.8,2,125,36,2.7,3,470,1,6.4,2,,,3,6,4,3,5,11,,,,,,
25,North Smithfield,S,Students with Disabilities,3Program Status,IEP,K12,-1,12,280,98%,13,28,1,0.0,1,280,98%,12,29,1,0.7,1,117,97%,16,32,1,209,0.97,2,207,0.97,2,11,100%,18%,0.64,,1,2,63,79%,39,74%,2,21,5,1,20,1,270,14.8,3,125,27,3.0,3,281,1,11.0,1,,,3,3,4,2,5,9,,,,,,
25,North Smithfield,S,English Learners,3Program Status,LEP,K12,-1,12,48,98%,34,48,2,2.1,2,48,98%,28,45,2,4.3,2,13,100%,23,41,,35,1.23,3,36,1.22,3,,,,,,1,,4,,3,,,2,,,,,55,16.3,2,125,4,12.0,2,55,1,7.2,2,,,2,,6,,5,10,,,,,,
26,Pawtucket,S,All Students,,All,K12,-1,12,7970,98%,18,32,1,1.0,1,7947,97%,17,31,1,1.6,1,3361,95%,17,33,1,6206,0.84,1,6328,0.80,1,2707,99%,36%,0.60,2,1,1,1678,73%,590,71%,2,583,9,1,21,1,7468,31.5,1,501,479,24.3,1,7756,1,10.1,1,8,,3,3,2,2,5,5,Focus Area,Focus Area,Mid Level,Focus Area,Focus Area,Focus Area
26,Pawtucket,S,American Indian or Alaska Native,2Race/Ethnicity,AM7,K12,-1,12,38,97%,19,26,1,0.0,1,38,97%,11,23,1,2.7,2,15,93%,0,18,,29,0.69,1,29,0.59,1,8,,,,,1,3,12,58%,12,58%,,8,,,,,53,47.2,1,501,4,29.6,1,55,1,16.4,1,,1,2,,2,,5,6,,,,,,
26,Pawtucket,S,Asian,2Race/Ethnicity,AS7,K12,-1,12,56,98%,33,43,2,1.8,1,56,100%,43,55,2,8.9,2,25,100%,52,61,2,41,1.02,2,43,0.93,2,37,100%,43%,0.75,2,1,3,12,92%,12,92%,,6,,,,,63,23.6,2,501,4,24.7,1,66,1,0.0,3,,,3,6,4,,5,9,,,,,,
26,Pawtucket,S,Black or African American,2Race/Ethnicity,BL7,K12,-1,12,2398,98%,15,28,1,0.6,1,2393,98%,14,28,1,0.8,1,1050,96%,12,28,1,1900,0.84,1,1929,0.80,1,964,98%,34%,0.58,1,1,1,560,78%,189,76%,2,191,3,1,14,1,2237,23.4,2,501,141,24.6,1,2308,1,11.2,1,,,3,3,2,2,5,6,,,,,,
26,Pawtucket,S,Hispanic,2Race/Ethnicity,HI7,K12,-1,12,2849,98%,16,29,1,0.8,1,2835,97%,14,29,1,1.1,1,1168,94%,15,30,1,2120,0.83,1,2209,0.79,1,1435,99%,37%,0.61,2,1,1,495,70%,191,65%,1,188,5,1,19,1,2884,36.2,1,501,187,24.2,1,3015,1,9.7,2,,1,3,3,2,2,5,6,,,,,,
26,Pawtucket,S,Two or More Races,2Race/Ethnicity,MU7,K12,-1,12,516,97%,20,34,1,1.4,1,516,97%,20,34,1,2.6,2,207,94%,16,34,1,400,0.78,1,400,0.82,1,30,97%,38%,0.53,1,1,1,98,69%,30,73%,2,28,7,1,18,1,474,35.4,1,501,31,23.3,1,494,1,13.6,1,,1,3,3,2,2,5,6,,,,,,
26,Pawtucket,S,Native Hawaiian or Other Pacific Islander,2Race/Ethnicity,PI7,K12,-1,12,26,88%,8,17,1,0.0,1,26,100%,8,18,1,0.0,1,10,80%,10,20,,15,0.67,,19,0.68,,6,,,,,1,,7,,7,,,4,,,,,27,26.2,2,501,2,14.3,2,27,1,14.7,1,,1,2,,,,5,7,,,,,,
26,Pawtucket,S,White,2Race/Ethnicity,WH7,K12,-1,12,2087,98%,25,39,1,1.5,1,2083,98%,23,38,1,2.8,2,886,94%,24,40,2,1701,0.86,2,1699,0.81,1,227,98%,40%,0.60,2,1,1,494,70%,171,72%,2,167,20,1,27,1,1730,32.8,1,501,108,24.3,1,1790,1,8.8,2,,1,3,4,3,2,5,7,,,,,,
26,Pawtucket,S,Economically Disadvantaged,3Program Status,FRL,K12,-1,12,5712,98%,16,29,1,0.6,1,5695,97%,15,29,1,1.2,1,2344,95%,15,31,1,4387,0.83,1,4485,0.81,1,2066,99%,38%,0.63,2,1,1,1353,72%,495,71%,2,491,7,1,18,1,5935,33.6,1,501,379,24.5,1,6164,1,11.1,1,,,3,3,2,2,5,5,,,,,,
26,Pawtucket,S,Students with Disabilities,3Program Status,IEP,K12,-1,12,1670,96%,4,11,1,0.1,1,1662,96%,5,13,1,0.3,1,676,93%,4,15,1,1224,0.74,1,1215,0.72,1,513,98%,33%,0.56,1,1,1,314,58%,113,62%,1,111,2,1,5,1,1611,35.6,1,501,111,21.7,1,1715,1,14.7,1,,1,3,3,2,2,5,5,,,,,,
26,Pawtucket,S,English Learners,3Program Status,LEP,K12,-1,12,1925,98%,6,17,1,0.2,1,1915,98%,10,22,1,0.4,1,820,95%,7,21,1,1384,0.83,1,1539,0.81,1,,,,,,1,1,317,76%,113,76%,2,109,1,1,19,1,1900,28.3,2,501,118,23.3,1,1900,1,8.1,2,,,3,3,2,2,5,7,,,,,,
27,Portsmouth,S,All Students,,All,K12,-1,12,2146,99%,57,68,3,12.3,3,2144,99%,52,65,2,8.9,2,994,98%,60,71,3,1732,1.14,3,1736,1.10,3,53,100%,68%,0.94,3,1,1,616,95%,197,95%,5,195,52,2,84,3,2115,12.3,3,159,153,9.2,3,2128,1,3.1,3,0,,3,8,6,5,5,14,Mid Level,Strong,Strong,Strong,Strong,Strong
27,Portsmouth,S,American Indian or Alaska Native,2Race/Ethnicity,AM7,K12,-1,12,0,,,,,,,0,,,,,,,0,,,,,0,,,0,,,0,,,,,1,,4,,4,,,2,,,,,3,,,159,,,,9,3,,,,,0,,,,0,,,,,,,
27,Portsmouth,S,Asian,2Race/Ethnicity,AS7,K12,-1,12,56,100%,66,75,3,14.3,3,56,100%,59,73,3,10.7,3,27,100%,59,72,3,49,1.22,3,50,1.28,3,12,100%,83%,0.97,,1,,8,,8,,,6,,,,,50,10.0,3,159,3,6.6,3,50,1,4.0,3,,,3,9,6,,5,15,,,,,,
27,Portsmouth,S,Black or African American,2Race/Ethnicity,BL7,K12,-1,12,42,95%,30,45,2,0.0,1,42,95%,30,43,2,2.5,2,16,81%,19,31,,29,1.10,3,29,1.00,2,0,,,,,1,,8,,8,,,4,,,,,35,22.9,2,159,3,7.6,3,35,1,50.8,1,,1,2,,5,,5,9,,,,,,
27,Portsmouth,S,Hispanic,2Race/Ethnicity,HI7,K12,-1,12,154,99%,47,59,2,7.2,2,154,99%,38,54,2,5.9,2,77,99%,43,59,2,112,1.07,2,113,1.14,3,30,100%,63%,0.97,3,1,2,27,89%,21,86%,3,22,41,2,65,2,176,16.5,2,159,13,8.8,3,179,1,8.9,2,,,3,6,5,4,5,11,,,,,,
27,Portsmouth,S,Two or More Races,2Race/Ethnicity,MU7,K12,-1,12,122,99%,49,61,2,7.4,2,121,99%,50,63,2,12.5,3,43,98%,48,60,2,88,1.20,3,87,1.06,2,2,,,,,1,3,14,93%,14,93%,,8,,,,,129,15.5,2,159,9,10.7,2,129,1,5.4,2,,,3,6,5,,5,11,,,,,,
27,Portsmouth,S,Native Hawaiian or Other Pacific Islander,2Race/Ethnicity,PI7,K12,-1,12,6,,,,,,,6,,,,,,,4,,,,,6,,,6,,,0,,,,,1,,1,,1,,,1,,,,,7,,,159,,,,17,3,0.0,,,,0,,,,0,,,,,,,
27,Portsmouth,S,White,2Race/Ethnicity,WH7,K12,-1,12,1766,99%,58,69,3,13.2,3,1765,99%,53,66,2,8.9,2,827,99%,63,74,3,1448,1.14,3,1451,1.10,3,9,,,,,1,1,554,95%,169,96%,5,167,51,2,84,3,1716,11.4,3,159,124,9.3,3,1724,1,1.3,3,,,3,8,6,5,5,14,,,,,,
27,Portsmouth,S,Economically Disadvantaged,3Program Status,FRL,K12,-1,12,407,99%,40,53,2,4.0,2,407,99%,31,48,2,2.5,2,182,97%,39,55,2,320,1.03,2,320,1.01,2,21,100%,57%,0.88,2,1,1,99,88%,43,91%,3,44,34,1,65,2,510,24.3,2,159,38,8.9,3,515,1,7.8,2,,,3,6,4,3,5,11,,,,,,
27,Portsmouth,S,Students with Disabilities,3Program Status,IEP,K12,-1,12,389,98%,14,30,1,1.6,1,388,98%,16,31,1,1.3,1,166,94%,13,34,1,283,0.99,2,284,1.01,2,8,,,,,1,1,61,75%,21,71%,2,37,0,1,31,1,365,15.6,2,159,29,7.7,3,373,1,7.5,2,,1,3,3,4,2,5,9,,,,,,
27,Portsmouth,S,English Learners,3Program Status,LEP,K12,-1,12,39,100%,21,37,1,0.0,1,39,100%,28,50,2,0.0,1,18,100%,28,44,,29,1.03,2,32,1.50,3,,,,,,1,,3,,2,,,3,,,,,41,12.1,3,159,3,13.1,2,41,1,0.0,3,,,2,,5,,5,10,,,,,,
28,Providence,S,All Students,,All,K12,-1,12,19459,97%,19,31,1,2.5,2,19398,97%,16,29,1,2.3,2,8694,95%,15,31,1,14600,0.89,2,15077,0.85,2,12480,98%,43%,0.66,2,1,1,5468,81%,1819,79%,3,1786,15,1,40,2,19841,29.3,2,1418,1345,12.8,2,20273,1,6.4,2,3,,3,3,4,3,5,10,Focus Area,Mid Level,Mid Level,Mid Level,Mid Level,Mid Level
28,Providence,S,American Indian or Alaska Native,2Race/Ethnicity,AM7,K12,-1,12,151,93%,15,23,1,0.0,1,149,94%,13,23,1,2.1,2,66,95%,8,23,1,110,0.69,1,112,0.79,1,47,98%,26%,0.62,2,1,2,45,82%,35,74%,3,33,6,1,17,1,187,38.6,1,1418,13,13.5,2,191,1,13.1,1,,1,3,3,2,2,5,7,,,,,,
28,Providence,S,Asian,2Race/Ethnicity,AS7,K12,-1,12,711,98%,30,42,2,4.7,2,709,98%,27,41,2,5.9,2,328,95%,26,42,2,543,0.97,2,568,0.99,2,291,97%,40%,0.67,2,1,1,213,89%,78,83%,3,74,39,2,56,2,676,27.8,2,1418,44,11.0,2,690,1,1.5,3,,,3,6,4,4,5,11,,,,,,
28,Providence,S,Black or African American,2Race/Ethnicity,BL7,K12,-1,12,2865,97%,18,31,1,2.2,2,2849,97%,14,27,1,1.2,1,1267,96%,13,29,1,2140,0.89,2,2163,0.80,1,545,99%,45%,0.69,2,1,1,807,85%,254,83%,3,255,16,1,44,2,2892,24.6,2,1418,204,12.8,2,2956,1,10.0,1,,,3,3,3,3,5,8,,,,,,
28,Providence,S,Hispanic,2Race/Ethnicity,HI7,K12,-1,12,13295,98%,16,28,1,1.4,1,13259,97%,14,27,1,1.2,1,5948,95%,12,28,1,9968,0.88,2,10383,0.85,2,11103,98%,43%,0.65,2,1,1,3798,80%,1265,80%,3,1240,11,1,37,1,13549,30.2,1,1418,917,13.2,2,13860,1,5.8,2,,,3,3,4,2,5,7,,,,,,
28,Providence,S,Two or More Races,2Race/Ethnicity,MU7,K12,-1,12,844,96%,25,36,1,4.6,2,840,96%,21,34,1,5.2,2,379,94%,23,37,1,642,0.89,2,643,0.87,2,93,100%,34%,0.56,1,1,1,190,78%,55,69%,2,52,19,1,29,1,794,36.3,1,1418,55,11.3,2,810,1,8.0,2,,1,3,3,4,2,5,9,,,,,,
28,Providence,S,Native Hawaiian or Other Pacific Islander,2Race/Ethnicity,PI7,K12,-1,12,40,100%,13,28,1,0.0,1,40,100%,10,26,1,0.0,1,19,100%,16,33,,25,1.16,3,29,0.90,2,25,100%,32%,0.63,2,1,3,10,80%,10,70%,,7,,,,,57,45.2,1,1418,3,7.6,3,59,1,0.0,3,,,2,,5,,5,9,,,,,,
28,Providence,S,White,2Race/Ethnicity,WH7,K12,-1,12,1553,97%,36,46,2,10.8,3,1552,97%,34,45,2,10.8,3,687,96%,34,46,2,1172,0.95,2,1179,0.93,2,376,97%,48%,0.71,2,1,1,405,78%,145,75%,2,142,40,2,52,2,1686,25.7,2,1418,109,10.7,2,1707,1,5.6,2,,,3,6,4,4,5,12,,,,,,
28,Providence,S,Economically Disadvantaged,3Program Status,FRL,K12,-1,12,16382,97%,16,28,1,1.5,1,16328,97%,14,27,1,1.2,1,7060,95%,12,28,1,12216,0.88,2,12614,0.84,1,10668,98%,44%,0.66,2,1,1,5006,81%,1665,79%,3,1633,13,1,38,2,17861,30.7,1,1418,1213,12.9,2,18240,1,6.8,2,,,3,3,3,3,5,7,,,,,,
28,Providence,S,Students with Disabilities,3Program Status,IEP,K12,-1,12,3926,95%,5,12,1,0.2,1,3913,94%,6,14,1,0.5,1,1572,92%,4,14,1,2624,0.73,1,2609,0.73,1,2485,96%,41%,0.61,2,1,1,833,66%,289,55%,1,271,1,1,7,1,3914,31.1,1,1418,331,13.5,2,4154,1,7.7,2,,1,3,3,2,2,5,7,,,,,,
28,Providence,S,English Learners,3Program Status,LEP,K12,-1,12,8116,98%,7,17,1,0.2,1,8093,98%,9,21,1,0.5,1,3457,95%,5,20,1,5752,0.84,1,6304,0.84,1,,,,,,1,1,1941,73%,664,75%,2,652,2,1,25,1,8443,28.4,2,1418,562,13.3,2,8443,1,5.5,2,,,3,3,2,2,5,8,,,,,,
30,Scituate,S,All Students,,All,K12,-1,12,1253,99%,45,59,2,6.5,2,1252,99%,41,56,2,3.9,2,545,99%,48,62,2,1042,0.99,2,1041,1.01,2,4,,,,,1,1,285,94%,94,93%,4,90,39,2,78,3,1178,13.9,3,118,78,4.0,3,1185,1,3.9,3,0,,3,6,4,5,5,13,Mid Level,Mid Level,,Strong,Strong,Strong
30,Scituate,S,American Indian or Alaska Native,2Race/Ethnicity,AM7,K12,-1,12,0,,,,,,,0,,,,,,,0,,,,,0,,,0,,,0,,,,,1,,1,,1,,,1,,,,,0,,,118,,,,1,3,,,,,0,,,,0,,,,,,,
30,Scituate,S,Asian,2Race/Ethnicity,AS7,K12,-1,12,8,,,,,,,8,,,,,,,3,,,,,8,,,8,,,0,,,,,1,,4,,4,,,3,,,,,5,,,118,,,,20,3,5.0,,,,0,,,,0,,,,,,,
30,Scituate,S,Black or African American,2Race/Ethnicity,BL7,K12,-1,12,7,,,,,,,7,,,,,,,3,,,,,6,,,6,,,0,,,,,1,,4,,4,,,1,,,,,5,,,118,,,,14,3,0.0,,,,0,,,,0,,,,,,,
30,Scituate,S,Hispanic,2Race/Ethnicity,HI7,K12,-1,12,36,100%,28,43,2,2.8,2,36,100%,28,44,2,2.8,2,15,100%,20,42,,31,0.94,2,30,0.90,2,3,,,,,1,3,10,90%,10,90%,,7,,,,,38,15.9,2,118,3,3.8,3,38,1,7.9,2,,,2,,4,,5,11,,,,,,
30,Scituate,S,Two or More Races,2Race/Ethnicity,MU7,K12,-1,12,17,88%,59,65,,13.3,,17,88%,53,63,,13.3,,7,,,,,9,,,9,,,0,,,,,1,,0,,0,,,0,,,,,12,8.4,,118,1,4.2,,23,2,0.0,3,,1,0,,,,1,3,,,,,,
30,Scituate,S,Native Hawaiian or Other Pacific Islander,2Race/Ethnicity,PI7,K12,-1,12,1,,,,,,,1,,,,,,,0,,,,,0,,,0,,,0,,,,,1,,0,,0,,,0,,,,,1,,,118,,,,3,3,,,,,0,,,,0,,,,,,,
30,Scituate,S,White,2Race/Ethnicity,WH7,K12,-1,12,1184,99%,45,59,2,6.6,2,1183,99%,41,57,2,3.9,2,517,99%,48,63,2,988,0.99,2,988,1.01,2,1,,,,,1,1,266,94%,88,93%,4,84,42,2,79,3,1118,14.0,3,118,74,4.0,3,1124,1,3.8,3,,,3,6,4,5,5,13,,,,,,
30,Scituate,S,Economically Disadvantaged,3Program Status,FRL,K12,-1,12,238,97%,31,48,2,2.2,2,237,97%,27,45,2,2.2,2,113,98%,32,50,2,201,0.91,2,198,0.94,2,3,,,,,1,1,58,84%,25,92%,3,24,17,1,49,2,337,23.7,2,118,23,4.7,3,341,1,10.0,1,,,3,6,4,3,5,10,,,,,,
30,Scituate,S,Students with Disabilities,3Program Status,IEP,K12,-1,12,199,97%,9,23,1,1.0,1,199,97%,18,34,1,4.1,2,72,96%,19,37,1,148,0.96,2,147,1.03,2,0,,,,,1,2,35,71%,26,73%,2,23,0,1,18,1,213,21.2,2,118,19,2.8,3,216,1,7.9,2,,,3,3,4,2,5,10,,,,,,
30,Scituate,S,English Learners,3Program Status,LEP,K12,-1,12,5,,,,,,,5,,,,,,,2,,,,,2,,,1,,,,,,,,1,,1,,1,,,1,,,,,5,,,118,,,,9,3,,,,,0,,,,0,,,,,,,
31,Smithfield,S,All Students,,All,K12,-1,12,2453,98%,51,63,2,8.6,2,2453,98%,46,60,2,7.6,2,1094,96%,39,55,2,2002,0.96,2,2005,1.15,3,50,100%,50%,0.73,2,1,1,587,94%,189,92%,4,185,43,2,74,3,2295,14.9,3,172,164,8.7,3,2359,1,2.5,3,0,,3,6,5,5,5,13,Mid Level,Strong,Mid Level,Strong,Strong,Strong
31,Smithfield,S,American Indian or Alaska Native,2Race/Ethnicity,AM7,K12,-1,12,4,,,,,,,4,,,,,,,1,,,,,4,,,4,,,0,,,,,1,,1,,1,,,0,,,,,3,,,172,,,,7,3,,,,,0,,,,0,,,,,,,
31,Smithfield,S,Asian,2Race/Ethnicity,AS7,K12,-1,12,45,100%,71,77,3,17.8,3,45,100%,69,78,3,22.2,3,14,100%,50,62,,38,0.84,1,38,1.21,3,10,100%,80%,0.96,,1,,8,,8,,,6,,,,,38,5.3,3,172,2,7.4,3,39,1,0.0,3,,,2,,4,,5,15,,,,,,
31,Smithfield,S,Black or African American,2Race/Ethnicity,BL7,K12,-1,12,38,100%,39,54,2,13.2,3,38,97%,32,48,2,13.5,3,22,95%,33,51,2,31,0.87,2,30,1.30,3,2,,,,,1,,6,,6,,,3,,,,,41,29.5,2,172,3,7.9,3,42,1,9.6,2,,,3,6,5,,5,13,,,,,,
31,Smithfield,S,Hispanic,2Race/Ethnicity,HI7,K12,-1,12,235,99%,34,49,2,1.7,1,235,99%,21,41,2,2.1,2,109,98%,20,39,1,188,0.90,2,187,0.96,2,35,100%,43%,0.67,2,1,2,42,79%,32,72%,2,31,26,1,40,2,224,23.2,2,172,17,13.3,2,233,1,5.2,2,,,3,5,4,3,5,9,,,,,,
31,Smithfield,S,Two or More Races,2Race/Ethnicity,MU7,K12,-1,12,100,99%,53,62,2,9.1,2,100,98%,45,60,2,7.1,2,45,96%,33,47,2,79,1.13,3,79,1.20,3,0,,,,,1,3,20,100%,20,100%,5,17,47,,72,,114,22.8,2,172,8,6.6,3,117,1,3.4,3,,,3,6,6,,5,12,,,,,,
31,Smithfield,S,Native Hawaiian or Other Pacific Islander,2Race/Ethnicity,PI7,K12,-1,12,0,,,,,,,0,,,,,,,0,,,,,0,,,0,,,0,,,,,1,,0,,0,,,0,,,,,0,,,172,,,,0,3,,,,,0,,,,0,,,,,,,
31,Smithfield,S,White,2Race/Ethnicity,WH7,K12,-1,12,2031,98%,53,65,2,9.1,2,2031,98%,48,62,2,7.9,2,903,96%,42,57,2,1662,0.97,2,1667,1.17,3,3,,,,,1,1,510,95%,161,94%,4,159,46,2,78,3,1874,13.4,3,172,133,8.3,3,1927,1,2.0,3,,,3,6,5,5,5,13,,,,,,
31,Smithfield,S,Economically Disadvantaged,3Program Status,FRL,K12,-1,12,548,98%,36,50,2,3.3,2,548,98%,28,45,2,3.3,2,242,96%,26,42,2,426,0.89,2,426,1.08,2,27,100%,48%,0.68,2,1,1,116,84%,44,80%,3,43,21,1,34,1,639,25.8,2,172,51,9.9,3,660,1,5.3,2,,,3,6,4,2,5,11,,,,,,
31,Smithfield,S,Students with Disabilities,3Program Status,IEP,K12,-1,12,410,98%,7,20,1,0.8,1,411,97%,7,22,1,0.8,1,178,94%,5,20,1,306,0.87,2,306,1.00,2,20,100%,45%,0.68,2,1,1,83,83%,28,79%,3,25,8,1,22,1,376,23.9,2,172,43,10.0,2,409,1,5.6,2,,1,3,3,4,2,5,8,,,,,,
31,Smithfield,S,English Learners,3Program Status,LEP,K12,-1,12,37,100%,19,34,1,0.0,1,37,100%,22,41,2,5.4,2,15,100%,20,36,,30,0.80,1,31,1.00,2,,,,,,1,,6,,6,,,4,,,,,29,13.9,3,172,2,13.6,2,29,1,6.9,2,,,2,,3,,5,10,,,,,,
32,South Kingstown,S,All Students,,All,K12,-1,12,2397,99%,53,65,2,12.3,3,2394,99%,49,62,2,9.4,2,1054,98%,48,62,2,1978,1.09,2,1981,1.05,2,85,100%,73%,0.92,3,1,1,657,93%,201,93%,4,205,53,2,75,3,2192,15.6,2,184,172,6.9,3,2239,1,1.7,3,1,,3,6,4,5,5,13,Mid Level,Mid Level,Strong,Strong,Strong,Strong
32,South Kingstown,S,American Indian or Alaska Native,2Race/Ethnicity,AM7,K12,-1,12,60,98%,15,27,1,1.7,1,60,97%,10,22,1,1.7,1,27,81%,0,19,1,43,0.95,2,42,0.83,1,3,,,,,1,3,20,75%,20,80%,2,9,,,,,53,41.7,1,184,5,6.6,3,53,1,3.8,3,,1,3,3,3,,5,9,,,,,,
32,South Kingstown,S,Asian,2Race/Ethnicity,AS7,K12,-1,12,52,100%,71,79,3,25.0,3,52,100%,69,79,3,15.4,3,19,100%,68,79,,39,1.46,3,40,1.28,3,20,100%,80%,0.98,3,1,3,14,100%,14,100%,,9,,,,,44,18.2,2,184,3,6.2,3,48,1,0.0,3,,,2,,6,,5,14,,,,,,
32,South Kingstown,S,Black or African American,2Race/Ethnicity,BL7,K12,-1,12,43,100%,21,33,1,4.7,2,44,98%,16,34,1,4.7,2,18,100%,22,41,,37,0.97,2,38,0.79,1,0,,,,,1,3,21,90%,21,90%,4,9,,,,,38,37.3,1,184,4,6.5,3,40,1,30.3,1,,,2,,3,,5,9,,,,,,
32,South Kingstown,S,Hispanic,2Race/Ethnicity,HI7,K12,-1,12,157,99%,30,44,2,5.2,2,157,98%,31,44,2,5.2,2,66,97%,31,45,2,111,0.97,2,119,1.03,2,45,100%,73%,0.94,3,1,2,25,84%,22,82%,3,24,46,2,58,2,158,20.9,2,184,14,6.7,3,162,1,3.1,3,,,3,6,4,4,5,12,,,,,,
32,South Kingstown,S,Two or More Races,2Race/Ethnicity,MU7,K12,-1,12,137,99%,44,58,2,11.1,3,137,98%,34,51,2,6.7,2,57,98%,27,46,2,114,1.12,3,111,1.10,3,3,,,,,1,2,28,86%,20,80%,3,21,38,2,37,1,138,23.2,2,184,11,7.1,3,140,1,2.9,3,,,3,6,6,3,5,13,,,,,,
32,South Kingstown,S,Native Hawaiian or Other Pacific Islander,2Race/Ethnicity,PI7,K12,-1,12,0,,,,,,,0,,,,,,,0,,,,,0,,,0,,,0,,,,,1,,0,,0,,,0,,,,,0,,,184,,,,1,3,,,,,0,,,,0,,,,,,,
32,South Kingstown,S,White,2Race/Ethnicity,WH7,K12,-1,12,1948,99%,57,68,3,13.1,3,1944,99%,53,66,2,10.1,3,867,99%,52,65,2,1634,1.09,2,1631,1.06,2,14,100%,64%,0.77,,1,1,549,94%,162,94%,4,163,56,2,83,3,1762,13.2,3,184,135,6.9,3,1797,1,0.9,3,,,3,7,4,5,5,15,,,,,,
32,South Kingstown,S,Economically Disadvantaged,3Program Status,FRL,K12,-1,12,577,99%,32,46,2,4.0,2,578,98%,27,42,2,4.4,2,243,97%,26,43,2,452,1.06,2,451,0.92,2,49,100%,76%,0.92,3,1,1,134,78%,50,82%,2,52,29,1,33,1,653,30.5,1,184,56,7.9,3,666,1,4.7,3,,,3,6,4,2,5,11,,,,,,
32,South Kingstown,S,Students with Disabilities,3Program Status,IEP,K12,-1,12,340,98%,8,21,1,0.6,1,339,96%,11,24,1,0.6,1,128,95%,12,27,1,248,0.87,2,244,0.88,2,29,100%,69%,0.91,3,1,2,67,66%,39,54%,1,20,5,1,10,1,353,26.9,2,184,32,7.9,3,378,1,4.8,3,,,3,3,4,2,5,10,,,,,,
32,South Kingstown,S,English Learners,3Program Status,LEP,K12,-1,12,63,100%,27,37,1,3.2,2,63,100%,35,48,2,7.9,2,27,100%,30,46,2,43,1.12,3,54,1.24,3,,,,,,1,,7,,7,,,4,,,,,47,21.3,2,184,5,9.8,3,47,1,0.0,3,,,3,5,6,,5,12,,,,,,
33,Tiverton,S,All Students,,All,K12,-1,12,1694,99%,47,59,2,8.4,2,1693,99%,42,57,2,6.4,2,725,98%,41,56,2,1381,0.92,2,1380,0.88,2,24,100%,46%,0.67,2,1,1,354,97%,107,96%,5,103,37,1,64,2,1492,17.8,2,130,120,7.3,3,1510,1,5.4,2,3,,3,6,4,3,5,11,Mid Level,Mid Level,Mid Level,Strong,Mid Level,Mid Level
33,Tiverton,S,American Indian or Alaska Native,2Race/Ethnicity,AM7,K12,-1,12,0,,,,,,,0,,,,,,,0,,,,,0,,,0,,,0,,,,,1,,1,,1,,,1,,,,,1,,,130,,,,4,3,,,,,0,,,,0,,,,,,,
33,Tiverton,S,Asian,2Race/Ethnicity,AS7,K12,-1,12,24,100%,58,67,2,4.2,2,24,100%,63,68,3,12.5,3,10,100%,60,70,,22,0.95,2,22,0.91,2,3,,,,,1,3,11,100%,11,100%,,9,,,,,17,5.9,,130,1,4.7,,37,2,0.0,3,,,2,,4,,3,8,,,,,,
33,Tiverton,S,Black or African American,2Race/Ethnicity,BL7,K12,-1,12,22,95%,5,14,1,4.8,2,22,95%,5,14,1,0.0,1,13,100%,8,13,,17,0.35,,17,0.82,,0,,,,,1,,6,,6,,,3,,,,,20,20.0,2,130,2,10.2,2,21,1,14.6,1,,,2,,,,5,8,,,,,,
33,Tiverton,S,Hispanic,2Race/Ethnicity,HI7,K12,-1,12,114,99%,37,50,2,5.3,2,113,99%,29,45,2,3.6,2,43,95%,22,41,2,79,1.03,2,79,0.84,1,21,100%,48%,0.71,2,1,,7,,7,,,3,,,,,105,24.8,2,130,8,8.7,3,107,1,3.7,3,,,3,6,3,,5,12,,,,,,
33,Tiverton,S,Two or More Races,2Race/Ethnicity,MU7,K12,-1,12,79,100%,43,58,2,11.4,3,79,100%,37,53,2,3.8,2,25,100%,44,59,2,64,1.00,2,63,0.95,2,0,,,,,1,,7,,7,,,6,,,,,73,23.3,2,130,6,6.6,3,73,1,13.6,1,,,3,6,4,,5,11,,,,,,
33,Tiverton,S,Native Hawaiian or Other Pacific Islander,2Race/Ethnicity,PI7,K12,-1,12,7,,,,,,,7,,,,,,,4,,,,,6,,,6,,,0,,,,,1,,0,,0,,,0,,,,,4,,,130,,,,18,3,0.0,,,,0,,,,0,,,,,,,
33,Tiverton,S,White,2Race/Ethnicity,WH7,K12,-1,12,1448,99%,49,61,2,8.6,2,1448,99%,44,58,2,6.8,2,630,98%,43,58,2,1193,0.92,2,1193,0.88,2,0,,,,,1,1,322,97%,98,96%,5,94,37,1,65,2,1272,17.0,2,130,103,7.3,3,1287,1,5.1,2,,,3,6,4,3,5,11,,,,,,
33,Tiverton,S,Economically Disadvantaged,3Program Status,FRL,K12,-1,12,533,99%,30,44,2,3.2,2,532,99%,25,42,2,2.7,2,230,98%,28,43,2,429,0.84,1,429,0.83,1,10,100%,40%,0.68,,1,1,94,96%,29,93%,4,26,23,1,42,2,548,27.6,2,130,47,7.4,3,554,1,8.3,2,,,3,6,2,3,5,11,,,,,,
33,Tiverton,S,Students with Disabilities,3Program Status,IEP,K12,-1,12,347,99%,13,26,1,1.5,1,347,98%,14,28,1,2.6,2,142,96%,12,27,1,241,0.76,1,240,0.79,1,5,,,,,1,1,64,86%,24,83%,3,20,10,1,26,1,323,24.5,2,130,32,6.4,3,332,1,6.6,2,,,3,3,2,2,5,10,,,,,,
33,Tiverton,S,English Learners,3Program Status,LEP,K12,-1,12,23,100%,26,33,1,0.0,1,23,100%,26,39,1,4.3,2,10,100%,0,20,,14,1.07,,15,0.87,,,,,,,1,,0,,0,,,0,,,,,15,12.9,,130,1,12.1,,32,2,0.0,3,,,2,,,,3,6,,,,,,
35,Warwick,S,All Students,,All,K12,-1,12,8127,98%,33,47,2,3.8,2,8104,98%,28,44,2,3.5,2,3430,97%,30,47,2,6493,0.88,2,6476,0.95,2,365,98%,52%,0.75,2,1,1,1818,86%,567,87%,3,562,24,1,48,2,7636,22.5,2,718,662,9.3,3,7803,1,8.6,2,2,,3,6,4,3,5,11,Mid Level,Mid Level,Mid Level,Mid Level,Mid Level,Mid Level
35,Warwick,S,American Indian or Alaska Native,2Race/Ethnicity,AM7,K12,-1,12,28,96%,15,31,1,0.0,1,28,96%,4,26,1,0.0,1,16,100%,13,31,,25,0.56,1,25,0.72,1,3,,,,,1,,9,,9,,,6,,,,,37,51.8,1,718,4,9.8,3,38,1,18.5,1,,,2,,2,,5,7,,,,,,
35,Warwick,S,Asian,2Race/Ethnicity,AS7,K12,-1,12,312,99%,42,57,2,6.5,2,312,99%,45,60,2,5.5,2,129,98%,39,54,2,250,0.94,2,252,1.09,2,83,99%,55%,0.80,2,1,1,60,90%,21,81%,4,20,55,2,45,2,285,16.8,2,718,26,8.9,3,293,1,3.1,3,,,3,6,4,4,5,12,,,,,,
35,Warwick,S,Black or African American,2Race/Ethnicity,BL7,K12,-1,12,251,99%,27,41,2,1.2,1,250,98%,18,36,1,1.6,1,111,95%,24,40,2,198,0.87,2,199,0.98,2,36,100%,56%,0.75,2,1,2,59,88%,38,92%,3,41,20,1,30,1,277,15.9,2,718,26,11.1,2,283,1,14.5,1,,,3,5,4,2,5,7,,,,,,
35,Warwick,S,Hispanic,2Race/Ethnicity,HI7,K12,-1,12,1268,98%,25,40,2,1.6,1,1263,98%,19,36,1,1.8,1,507,97%,23,40,2,982,0.85,2,982,0.92,2,201,98%,48%,0.73,2,1,1,217,84%,54,83%,3,54,15,1,40,2,1283,27.7,2,718,123,8.9,3,1317,1,10.4,1,,,3,5,4,3,5,8,,,,,,
35,Warwick,S,Two or More Races,2Race/Ethnicity,MU7,K12,-1,12,553,99%,28,43,2,2.9,2,551,98%,24,41,2,4.1,2,205,97%,22,41,2,412,0.88,2,409,0.96,2,4,,,,,1,1,77,83%,29,76%,3,27,11,1,43,2,503,26.8,2,718,43,8.5,3,517,1,9.5,2,,,3,6,4,3,5,11,,,,,,
35,Warwick,S,Native Hawaiian or Other Pacific Islander,2Race/Ethnicity,PI7,K12,-1,12,8,,,,,,,8,,,,,,,5,,,,,7,,,7,,,0,,,,,1,,3,,3,,,1,,,,,7,,,718,,,,25,3,12.1,1,,,0,,,,1,1,,,,,,
35,Warwick,S,White,2Race/Ethnicity,WH7,K12,-1,12,5707,98%,35,49,2,4.3,2,5692,98%,29,46,2,3.8,2,2457,96%,32,49,2,4619,0.89,2,4602,0.94,2,38,97%,59%,0.75,2,1,1,1393,87%,441,88%,3,439,25,1,50,2,5245,21.3,2,718,440,9.4,3,5348,1,7.9,2,,,3,6,4,3,5,11,,,,,,
35,Warwick,S,Economically Disadvantaged,3Program Status,FRL,K12,-1,12,3502,97%,24,39,1,2.2,2,3488,97%,20,36,1,2.0,2,1448,95%,21,39,1,2730,0.83,1,2714,0.89,2,244,98%,53%,0.76,2,1,1,784,80%,271,81%,3,265,16,1,36,1,3892,30.5,1,718,354,9.6,3,3981,1,11.6,1,,,3,3,3,2,5,9,,,,,,
35,Warwick,S,Students with Disabilities,3Program Status,IEP,K12,-1,12,1715,95%,7,18,1,0.4,1,1707,95%,7,18,1,1.1,1,681,92%,6,19,1,1186,0.77,1,1170,0.80,1,96,97%,47%,0.64,2,1,1,348,71%,106,67%,2,101,3,1,19,1,1660,27.7,2,718,213,8.7,3,1768,1,17.4,1,,1,3,3,2,2,5,8,,,,,,
35,Warwick,S,English Learners,3Program Status,LEP,K12,-1,12,295,99%,16,31,1,0.7,1,294,99%,20,36,1,1.7,1,95,98%,16,30,1,206,0.79,1,221,0.98,2,,,,,,1,2,34,82%,20,85%,3,20,5,1,6,1,284,25.0,2,718,39,9.5,3,284,1,4.6,3,,,3,3,3,2,5,10,,,,,,
36,Westerly,S,All Students,,All,K12,-1,12,2215,99%,42,55,2,5.1,2,2210,99%,36,52,2,4.3,2,953,98%,43,57,2,1819,0.96,2,1821,1.03,2,106,100%,57%,0.75,2,1,1,543,90%,169,92%,4,176,34,1,74,3,2053,14.0,3,203,185,3.5,3,2097,1,6.1,2,1,,3,6,4,4,5,12,Mid Level,Mid Level,Mid Level,Strong,Mid Level,Strong
36,Westerly,S,American Indian or Alaska Native,2Race/Ethnicity,AM7,K12,-1,12,19,100%,16,21,,0.0,,19,95%,17,30,,0.0,,11,91%,18,27,,17,1.00,,16,0.81,,0,,,,,1,,8,,8,,,2,,,,,19,62.6,,203,2,2.3,,37,2,48.6,1,,1,0,,,,1,1,,,,,,
36,Westerly,S,Asian,2Race/Ethnicity,AS7,K12,-1,12,51,100%,69,76,3,11.8,3,51,100%,73,80,3,21.6,3,18,100%,61,72,,44,1.07,2,44,0.98,2,26,100%,73%,0.84,2,1,3,14,100%,14,100%,,7,,,,,52,3.8,3,203,5,2.1,3,54,1,1.8,3,,,2,,4,,5,15,,,,,,
36,Westerly,S,Black or African American,2Race/Ethnicity,BL7,K12,-1,12,29,100%,34,53,2,3.4,2,29,97%,21,40,2,0.0,1,13,92%,31,44,,23,0.57,1,22,0.77,1,0,,,,,1,,4,,4,,,4,,,,,29,24.1,2,203,3,5.5,3,30,1,6.8,2,,1,2,,2,,5,10,,,,,,
36,Westerly,S,Hispanic,2Race/Ethnicity,HI7,K12,-1,12,218,99%,33,47,2,1.4,1,217,100%,25,41,2,0.9,1,88,99%,33,48,2,178,1.03,2,181,1.02,2,71,100%,49%,0.70,2,1,2,42,83%,29,83%,3,28,14,1,55,2,199,17.6,2,203,19,4.2,3,205,1,10.2,1,,,3,6,4,3,5,8,,,,,,
36,Westerly,S,Two or More Races,2Race/Ethnicity,MU7,K12,-1,12,162,99%,28,43,2,3.7,2,162,99%,27,43,2,3.7,2,61,97%,32,45,2,131,0.91,2,131,0.98,2,2,,,,,1,2,35,77%,21,76%,2,20,25,1,60,2,157,18.5,2,203,15,3.2,3,163,1,6.8,2,,,3,6,4,3,5,11,,,,,,
36,Westerly,S,Native Hawaiian or Other Pacific Islander,2Race/Ethnicity,PI7,K12,-1,12,1,,,,,,,1,,,,,,,1,,,,,1,,,1,,,0,,,,,1,,0,,0,,,0,,,,,4,,,203,,,,10,3,10.0,,,,0,,,,0,,,,,,,
36,Westerly,S,White,2Race/Ethnicity,WH7,K12,-1,12,1735,99%,44,57,2,5.5,2,1731,99%,38,53,2,4.3,2,761,98%,45,59,2,1425,0.96,2,1426,1.05,2,7,,,,,1,1,440,91%,137,91%,4,142,38,2,76,3,1592,12.6,3,203,140,3.5,3,1622,1,4.9,3,,,3,6,4,5,5,13,,,,,,
36,Westerly,S,Economically Disadvantaged,3Program Status,FRL,K12,-1,12,863,99%,28,43,2,2.1,2,863,98%,23,40,2,1.5,1,346,96%,30,45,2,686,0.92,2,688,0.98,2,74,100%,58%,0.75,2,1,1,202,81%,70,87%,3,76,18,1,63,2,916,19.1,2,203,86,3.5,3,938,1,11.1,1,,,3,6,4,3,5,9,,,,,,
36,Westerly,S,Students with Disabilities,3Program Status,IEP,K12,-1,12,422,96%,11,23,1,0.5,1,422,96%,10,24,1,1.0,1,168,92%,16,29,1,303,0.86,2,304,0.92,2,16,100%,25%,0.48,,1,1,78,67%,23,61%,1,31,3,1,7,1,412,14.6,3,203,51,3.2,3,434,1,12.0,1,,1,3,3,4,2,5,9,,,,,,
36,Westerly,S,English Learners,3Program Status,LEP,K12,-1,12,89,99%,26,40,2,1.1,1,89,100%,35,49,2,9.0,2,26,100%,15,35,1,68,0.94,2,74,0.92,2,,,,,,1,3,18,89%,18,89%,,15,13,,59,,71,5.6,3,203,7,2.4,3,71,1,2.8,3,,,3,5,4,,5,12,,,,,,
38,West Warwick,S,All Students,,All,K12,-1,12,3470,98%,19,33,1,1.6,1,3462,97%,11,27,1,0.6,1,1488,95%,14,31,1,2695,0.79,1,2677,0.90,2,245,100%,40%,0.64,2,1,1,733,83%,270,79%,3,253,20,1,62,2,3354,29.0,2,293,283,10.0,2,3405,1,11.3,1,3,,3,3,3,3,5,7,Focus Area,Mid Level,Mid Level,Mid Level,Mid Level,Mid Level
38,West Warwick,S,American Indian or Alaska Native,2Race/Ethnicity,AM7,K12,-1,12,38,97%,16,22,1,0.0,1,38,92%,8,21,1,0.0,1,22,91%,19,32,1,34,0.82,1,33,1.00,2,0,,,,,1,,7,,7,,,6,,,,,29,55.0,1,293,2,9.7,3,30,1,3.4,3,,1,3,3,3,,5,9,,,,,,
38,West Warwick,S,Asian,2Race/Ethnicity,AS7,K12,-1,12,66,97%,50,58,2,6.3,2,66,95%,35,49,2,3.2,2,28,93%,26,44,2,52,1.00,2,51,1.10,3,17,100%,29%,0.59,,1,3,19,100%,19,100%,,13,31,,95,,64,20.4,2,293,5,13.5,2,65,1,0.0,3,,1,3,6,5,,5,11,,,,,,
38,West Warwick,S,Black or African American,2Race/Ethnicity,BL7,K12,-1,12,196,98%,17,29,1,0.0,1,196,98%,7,20,1,0.5,1,100,95%,6,23,1,157,0.83,1,159,0.81,1,17,100%,35%,0.69,,1,1,48,88%,20,85%,3,20,15,1,58,2,182,29.1,2,293,16,11.7,2,187,1,18.7,1,,,3,3,2,3,5,7,,,,,,
38,West Warwick,S,Hispanic,2Race/Ethnicity,HI7,K12,-1,12,752,97%,13,28,1,1.1,1,752,97%,7,22,1,0.4,1,322,97%,9,25,1,562,0.78,1,570,0.87,2,176,100%,44%,0.66,2,1,1,131,75%,61,74%,2,54,9,1,57,2,773,35.1,1,293,65,10.3,2,781,1,13.6,1,,,3,3,3,3,5,6,,,,,,
38,West Warwick,S,Two or More Races,2Race/Ethnicity,MU7,K12,-1,12,195,97%,17,32,1,0.5,1,195,97%,10,24,1,0.5,1,78,92%,12,26,1,144,0.83,1,143,0.79,1,2,,,,,1,2,26,77%,20,75%,2,20,15,1,50,2,199,31.2,1,293,19,8.2,3,202,1,10.9,1,,1,3,3,2,3,5,7,,,,,,
38,West Warwick,S,Native Hawaiian or Other Pacific Islander,2Race/Ethnicity,PI7,K12,-1,12,4,,,,,,,4,,,,,,,1,,,,,3,,,3,,,0,,,,,1,,1,,1,,,1,,,,,4,,,293,,,,16,3,12.5,,,,0,,,,0,,,,,,,
38,West Warwick,S,White,2Race/Ethnicity,WH7,K12,-1,12,2219,98%,20,35,1,1.9,1,2211,97%,13,29,1,0.7,1,937,96%,17,33,1,1743,0.78,1,1718,0.92,2,33,100%,27%,0.54,1,1,1,501,84%,164,80%,3,152,24,1,65,2,2103,26.5,2,293,175,9.8,3,2137,1,10.3,1,,,3,3,3,3,5,8,,,,,,
38,West Warwick,S,Economically Disadvantaged,3Program Status,FRL,K12,-1,12,1988,98%,14,28,1,0.7,1,1980,97%,8,22,1,0.2,1,845,94%,10,26,1,1517,0.75,1,1497,0.86,2,176,100%,39%,0.60,2,1,1,420,76%,167,71%,2,156,12,1,47,2,2190,34.3,1,293,192,9.8,3,2226,1,14.1,1,,1,3,3,3,3,5,7,,,,,,
38,West Warwick,S,Students with Disabilities,3Program Status,IEP,K12,-1,12,903,95%,4,13,1,0.2,1,899,94%,4,11,1,0.2,1,379,89%,4,15,1,624,0.70,1,615,0.72,1,57,100%,33%,0.56,1,1,1,169,74%,62,71%,2,55,2,1,31,1,884,31.1,1,293,108,6.4,3,925,1,21.2,1,,1,3,3,2,2,5,7,,,,,,
38,West Warwick,S,English Learners,3Program Status,LEP,K12,-1,12,154,97%,5,16,1,0.0,1,154,98%,2,15,1,0.0,1,73,92%,3,16,1,103,0.84,1,115,0.96,2,,,,,,1,3,19,68%,19,68%,,13,0,,8,,185,30.9,1,293,19,11.2,2,185,1,7.0,2,,1,3,3,3,,5,7,,,,,,
39,Woonsocket,S,All Students,,All,K12,-1,12,5337,98%,12,25,1,0.6,1,5325,97%,10,24,1,0.5,1,2305,93%,14,30,1,4024,0.76,1,4058,0.79,1,1548,96%,35%,0.60,2,1,1,1209,67%,369,62%,1,357,10,1,21,1,5448,41.6,1,400,377,4.3,3,5492,1,13.1,1,7,1,3,3,2,2,5,7,Focus Area,Focus Area,Mid Level,Focus Area,Focus Area,Mid Level
39,Woonsocket,S,American Indian or Alaska Native,2Race/Ethnicity,AM7,K12,-1,12,33,97%,16,28,1,0.0,1,31,97%,13,24,1,3.3,2,12,100%,0,3,,26,0.88,2,25,0.80,1,9,,,,,1,,7,,7,,,4,,,,,36,45.0,1,400,2,9.2,3,36,1,19.4,1,,,2,,3,,5,8,,,,,,
39,Woonsocket,S,Asian,2Race/Ethnicity,AS7,K12,-1,12,215,99%,24,38,1,1.4,1,215,99%,24,41,2,0.9,1,111,96%,30,46,2,178,0.79,1,186,1.00,2,53,98%,38%,0.61,2,1,1,65,83%,24,71%,3,21,33,1,44,2,212,31.1,1,400,14,3.5,3,214,1,3.7,3,,,3,5,3,3,5,9,,,,,,
39,Woonsocket,S,Black or African American,2Race/Ethnicity,BL7,K12,-1,12,648,97%,12,26,1,0.6,1,645,97%,8,21,1,0.2,1,288,95%,11,28,1,474,0.79,1,483,0.83,1,150,99%,36%,0.58,1,1,1,151,70%,51,67%,1,51,10,1,22,1,712,38.2,1,400,49,4.2,3,718,1,16.4,1,,,3,3,2,2,5,7,,,,,,
39,Woonsocket,S,Hispanic,2Race/Ethnicity,HI7,K12,-1,12,1785,97%,8,21,1,0.2,1,1784,97%,6,19,1,0.5,1,795,92%,9,24,1,1397,0.76,1,1390,0.78,1,776,94%,37%,0.58,1,1,1,407,63%,119,55%,1,122,9,1,16,1,1595,48.5,1,400,115,4.5,3,1610,1,16.3,1,,1,3,3,2,2,5,7,,,,,,
39,Woonsocket,S,Two or More Races,2Race/Ethnicity,MU7,K12,-1,12,374,95%,13,27,1,0.8,1,373,95%,9,23,1,0.8,1,152,91%,13,28,1,279,0.73,1,273,0.72,1,9,,,,,1,1,63,63%,25,48%,1,22,0,1,19,1,374,46.3,1,400,26,4.5,3,374,1,19.5,1,,1,3,3,2,2,5,7,,,,,,
39,Woonsocket,S,Native Hawaiian or Other Pacific Islander,2Race/Ethnicity,PI7,K12,-1,12,17,88%,0,10,,0.0,,17,94%,0,8,,0.0,,5,,,,,12,0.33,,13,0.46,,1,,,,,1,,4,,4,,,1,,,,,20,34.8,1,400,1,2.4,3,21,1,38.8,1,,1,0,,,,3,5,,,,,,
39,Woonsocket,S,White,2Race/Ethnicity,WH7,K12,-1,12,2265,98%,13,27,1,0.9,1,2260,98%,12,26,1,0.5,1,942,94%,19,33,1,1658,0.76,1,1688,0.78,1,550,98%,33%,0.64,2,1,1,512,68%,149,66%,1,139,9,1,22,1,2501,38.4,1,400,169,4.2,3,2519,1,9.6,2,,1,3,3,2,2,5,8,,,,,,
39,Woonsocket,S,Economically Disadvantaged,3Program Status,FRL,K12,-1,12,3739,97%,9,22,1,0.3,1,3730,97%,7,21,1,0.3,1,1569,93%,11,25,1,2806,0.75,1,2827,0.77,1,1083,96%,35%,0.60,2,1,1,961,64%,312,59%,1,303,8,1,18,1,4377,45.1,1,400,304,4.3,3,4409,1,13.9,1,,1,3,3,2,2,5,7,,,,,,
39,Woonsocket,S,Students with Disabilities,3Program Status,IEP,K12,-1,12,1589,96%,3,9,1,0.0,1,1589,95%,2,9,1,0.2,1,673,90%,4,14,1,1115,0.68,1,1099,0.68,1,464,95%,32%,0.54,1,1,1,330,54%,102,52%,1,96,1,1,9,1,1587,42.5,1,400,123,6.0,3,1613,1,21.0,1,,1,3,3,2,2,5,7,,,,,,
39,Woonsocket,S,English Learners,3Program Status,LEP,K12,-1,12,961,98%,4,14,1,0.2,1,961,98%,5,16,1,0.5,1,405,95%,3,18,1,639,0.78,1,697,0.85,2,,,,,,1,1,178,66%,55,53%,1,54,0,1,9,1,1157,44.7,1,400,93,4.2,3,1157,1,9.3,2,,,3,3,3,2,5,8,,,,,,
40,Davies Career and Tech,H,All Students,,All,,9,12,440,100%,59,68,3,4.1,2,440,100%,16,34,1,1.6,1,440,99%,46,63,2,429,0.90,2,429,1.06,2,122,100%,46%,0.66,2,1,1,597,91%,196,86%,4,195,24,1,99,3,888,24.8,2,77,76,8.6,3,888,1,7.1,2,0,,3,6,4,4,5,10,Mid Level,Mid Level,Mid Level,Strong,Mid Level,Mid Level
40,Davies Career and Tech,H,American Indian or Alaska Native,2Race/Ethnicity,AM7,,9,12,1,,,,,,,1,,,,,,,1,,,,,1,,,1,,,0,,,,,1,2,41,98%,41,98%,5,40,33,1,105,3,2,,,77,,,,174,3,10.9,1,,,0,,,4,1,1,,,,,,
40,Davies Career and Tech,H,Asian,2Race/Ethnicity,AS7,,9,12,5,,,,,,,5,,,,,,,5,,,,,5,,,5,,,0,,,,,1,,3,,3,,,1,,,,,9,,,77,,,,19,3,0.0,,,,0,,,,0,,,,,,,
40,Davies Career and Tech,H,Black or African American,2Race/Ethnicity,BL7,,9,12,86,100%,57,67,2,2.3,2,86,100%,15,32,1,1.2,1,86,100%,37,58,2,84,0.89,2,84,0.99,2,20,100%,40%,0.58,1,1,1,62,98%,32,100%,5,33,9,1,103,3,128,16.4,2,77,11,5.5,3,128,1,5.5,2,,,3,5,4,4,5,10,,,,,,
40,Davies Career and Tech,H,Hispanic,2Race/Ethnicity,HI7,,9,12,188,100%,59,68,3,3.2,2,188,100%,12,33,1,1.1,1,188,99%,46,63,2,185,0.94,2,185,1.08,2,101,100%,47%,0.67,2,1,1,258,94%,95,89%,4,95,19,1,103,3,391,25.3,2,77,33,8.8,3,391,1,6.7,2,,,3,6,4,4,5,10,,,,,,
40,Davies Career and Tech,H,Two or More Races,2Race/Ethnicity,MU7,,9,12,19,100%,53,63,,5.3,,19,100%,26,42,,0.0,,19,100%,42,61,,19,0.63,,19,1.16,,0,,,,,1,2,34,91%,22,86%,4,24,29,1,98,3,81,26.1,2,77,7,7.6,3,81,1,7.4,2,,,0,,,4,3,7,,,,,,
40,Davies Career and Tech,H,Native Hawaiian or Other Pacific Islander,2Race/Ethnicity,PI7,,9,12,0,,,,,,,0,,,,,,,0,,,,,0,,,0,,,0,,,,,1,,3,,3,,,3,,,,,0,,,77,,,,3,3,,,,,0,,,,0,,,,,,,
40,Davies Career and Tech,H,White,2Race/Ethnicity,WH7,,9,12,141,100%,62,70,3,6.4,2,141,100%,19,35,1,2.1,2,141,99%,51,67,2,135,0.91,2,135,1.07,2,1,,,,,1,1,196,83%,55,71%,3,52,38,2,88,3,278,27.7,2,77,24,10.3,2,278,1,8.6,2,,,3,6,4,5,5,10,,,,,,
40,Davies Career and Tech,H,Economically Disadvantaged,3Program Status,FRL,,9,12,248,100%,57,66,2,4.0,2,248,100%,14,32,1,0.4,1,248,99%,43,61,2,242,0.90,2,242,1.03,2,98,100%,48%,0.69,2,1,1,440,91%,149,88%,4,147,22,1,103,3,598,26.9,2,77,52,8.6,3,598,1,7.7,2,,,3,5,4,4,5,10,,,,,,
40,Davies Career and Tech,H,Students with Disabilities,3Program Status,IEP,,9,12,32,100%,22,33,1,0.0,1,32,100%,3,14,1,0.0,1,32,100%,16,44,2,31,0.74,1,31,0.90,2,27,100%,30%,0.58,1,1,2,39,82%,27,78%,3,27,11,1,81,3,76,25.0,2,77,8,18.1,1,76,1,22.4,1,,,3,4,3,4,5,6,,,,,,
40,Davies Career and Tech,H,English Learners,3Program Status,LEP,,9,12,32,100%,25,39,1,0.0,1,32,100%,0,14,1,0.0,1,32,100%,22,46,2,32,0.72,1,32,0.94,2,,,,,,1,3,16,88%,17,76%,,13,15,,74,,71,18.3,2,77,6,8.8,3,71,1,14.1,1,,,3,4,3,,5,8,,,,,,
41,Achievement First Rhode Island,S,All Students,,All,K12,0,12,3186,99%,30,45,2,2.8,2,3184,99%,24,41,2,2.0,2,1024,98%,26,44,2,2393,1.06,2,2398,0.86,2,1551,99%,45%,0.71,2,,,,,,,,,,,,,3188,22.0,2,181,173,3.2,3,3188,1,2.7,3,0,,3,6,4,,5,12,Mid Level,Mid Level,Mid Level,,,Strong
41,Achievement First Rhode Island,S,American Indian or Alaska Native,2Race/Ethnicity,AM7,K12,0,12,16,100%,13,27,,0.0,,16,100%,13,29,,0.0,,7,,,,,14,1.21,,14,1.07,,4,,,,,,,,,,,,,,,,,16,67.7,,181,1,4.1,,30,2,3.3,3,,,0,,,,1,3,,,,,,
41,Achievement First Rhode Island,S,Asian,2Race/Ethnicity,AS7,K12,0,12,49,100%,53,65,2,12.2,3,49,100%,61,69,3,16.3,3,12,100%,50,64,,30,1.07,2,30,0.90,2,13,100%,38%,0.70,,,,,,,,,,,,,,47,8.5,3,181,3,3.4,3,47,1,0.0,3,,,2,,4,,5,15,,,,,,
41,Achievement First Rhode Island,S,Black or African American,2Race/Ethnicity,BL7,K12,0,12,626,100%,36,49,2,3.2,2,626,99%,28,43,2,2.4,2,198,98%,31,49,2,469,1.08,2,468,0.88,2,26,96%,32%,0.66,2,,,,,,,,,,,,,554,22.2,2,181,30,3.1,3,554,1,2.9,3,,,3,6,4,,5,12,,,,,,
41,Achievement First Rhode Island,S,Hispanic,2Race/Ethnicity,HI7,K12,0,12,2285,99%,28,44,2,2.3,2,2283,99%,22,40,2,1.4,1,747,98%,23,42,2,1730,1.07,2,1739,0.86,2,1455,99%,45%,0.72,2,,,,,,,,,,,,,2362,22.4,2,181,128,3.2,3,2362,1,2.6,3,,,3,6,4,,5,11,,,,,,
41,Achievement First Rhode Island,S,Two or More Races,2Race/Ethnicity,MU7,K12,0,12,84,99%,20,36,1,2.4,2,84,99%,12,25,1,2.4,2,27,100%,30,43,2,64,0.94,2,63,0.65,1,6,,,,,,,,,,,,,,,,,92,23.9,2,181,5,3.6,3,92,1,8.7,2,,,3,4,3,,5,11,,,,,,
41,Achievement First Rhode Island,S,Native Hawaiian or Other Pacific Islander,2Race/Ethnicity,PI7,K12,0,12,4,,,,,,,4,,,,,,,2,,,,,4,,,4,,,4,,,,,,,,,,,,,,,,,4,,,181,,,,10,3,,,,,0,,,,0,,,,,,,
41,Achievement First Rhode Island,S,White,2Race/Ethnicity,WH7,K12,0,12,122,98%,36,49,2,5.8,2,122,98%,35,49,2,5.0,2,31,100%,32,47,2,82,0.84,1,80,0.93,2,43,100%,42%,0.64,2,,,,,,,,,,,,,113,10.6,3,181,6,2.2,3,113,1,0.9,3,,,3,6,3,,5,13,,,,,,
41,Achievement First Rhode Island,S,Economically Disadvantaged,3Program Status,FRL,K12,0,12,2514,99%,26,42,2,1.9,1,2513,99%,21,39,1,1.4,1,807,98%,23,42,2,1902,1.05,2,1904,0.87,2,1336,99%,45%,0.72,2,,,,,,,,,,,,,2775,23.5,2,181,150,3.2,3,2775,1,3.0,3,,,3,5,4,,5,10,,,,,,
41,Achievement First Rhode Island,S,Students with Disabilities,3Program Status,IEP,K12,0,12,366,96%,4,15,1,0.3,1,366,97%,5,17,1,0.6,1,100,95%,8,20,1,243,0.95,2,248,0.73,1,194,98%,37%,0.64,2,,,,,,,,,,,,,408,26.4,2,181,21,4.7,3,408,1,3.4,3,,,3,3,3,,5,10,,,,,,
41,Achievement First Rhode Island,S,English Learners,3Program Status,LEP,K12,0,12,990,100%,17,34,1,0.5,1,989,99%,17,35,1,1.1,1,281,100%,13,33,1,719,1.11,3,719,0.88,2,,,,,,,,,,,,,,,,,,1044,21.3,2,181,55,3.5,3,1044,1,2.5,3,,,3,3,5,,5,10,,,,,,
42,Sheila Skip Nowell Leadership Academy,H,All Students,,All,,9,12,62,90%,7,12,1,0.0,1,62,90%,2,4,1,0.0,1,56,84%,0,23,1,27,0.63,1,28,0.68,1,105,98%,30%,0.55,1,1,1,188,32%,62,31%,1,63,6,1,13,1,171,86.0,1,20,19,1.5,3,171,1,12.9,1,5,1,3,3,2,2,5,7,Focus Area,Focus Area,Focus Area,Focus Area,Focus Area,Mid Level
42,Sheila Skip Nowell Leadership Academy,H,American Indian or Alaska Native,2Race/Ethnicity,AM7,,9,12,0,,,,,,,0,,,,,,,0,,,,,0,,,0,,,0,,,,,1,,1,,0,,,0,,,,,2,,,20,,,,3,3,,,,,0,,,,0,,,,,,,
42,Sheila Skip Nowell Leadership Academy,H,Asian,2Race/Ethnicity,AS7,,9,12,1,,,,,,,1,,,,,,,1,,,,,1,,,1,,,2,,,,,1,,0,,0,,,0,,,,,1,,,20,,,,3,3,,,,,0,,,,0,,,,,,,
42,Sheila Skip Nowell Leadership Academy,H,Black or African American,2Race/Ethnicity,BL7,,9,12,6,,,,,,,6,,,,,,,6,,,,,2,,,2,,,9,,,,,1,2,48,31%,27,30%,1,27,4,1,8,1,27,93.6,1,20,3,1.1,3,27,1,22.5,1,,,0,,,2,3,5,,,,,,
42,Sheila Skip Nowell Leadership Academy,H,Hispanic,2Race/Ethnicity,HI7,,9,12,44,89%,5,10,1,0.0,1,44,89%,0,2,1,0.0,1,40,85%,0,25,1,20,0.70,1,21,0.71,1,87,99%,34%,0.59,1,1,1,108,36%,30,37%,1,33,9,1,15,1,114,82.2,1,20,13,1.6,3,114,1,9.6,2,,1,3,3,2,2,5,8,,,,,,
42,Sheila Skip Nowell Leadership Academy,H,Two or More Races,2Race/Ethnicity,MU7,,9,12,3,,,,,,,3,,,,,,,3,,,,,1,,,1,,,2,,,,,1,,10,10%,8,,,12,8,,0,,8,,,20,,,,24,3,8.3,2,,,0,,,,1,2,,,,,,
42,Sheila Skip Nowell Leadership Academy,H,Native Hawaiian or Other Pacific Islander,2Race/Ethnicity,PI7,,9,12,0,,,,,,,0,,,,,,,0,,,,,0,,,0,,,0,,,,,1,,2,,2,,,2,,,,,0,,,20,,,,2,3,,,,,0,,,,0,,,,,,,
42,Sheila Skip Nowell Leadership Academy,H,White,2Race/Ethnicity,WH7,,9,12,8,,,,,,,8,,,,,,,6,,,,,3,,,3,,,5,,,,,1,3,19,26%,19,21%,,14,7,,22,,19,96.2,,20,2,1.3,,39,2,10.2,1,,,0,,,,1,1,,,,,,
42,Sheila Skip Nowell Leadership Academy,H,Economically Disadvantaged,3Program Status,FRL,,9,12,45,87%,5,9,1,0.0,1,45,87%,2,4,1,0.0,1,39,77%,0,22,1,19,0.63,,19,0.74,,74,97%,32%,0.53,1,1,1,180,30%,55,22%,1,56,4,1,9,1,171,86.0,1,20,19,1.5,3,171,1,12.9,1,,1,3,3,,2,5,7,,,,,,
42,Sheila Skip Nowell Leadership Academy,H,Students with Disabilities,3Program Status,IEP,,9,12,7,,,,,,,7,,,,,,,5,,,,,2,,,2,,,10,100%,30%,0.49,,1,3,29,38%,27,30%,1,23,0,1,4,1,24,84.5,1,20,3,0.9,3,24,1,16.9,1,,,0,,,2,3,5,,,,,,
42,Sheila Skip Nowell Leadership Academy,H,English Learners,3Program Status,LEP,,9,12,25,96%,0,1,1,0.0,1,25,96%,0,0,1,0.0,1,25,88%,0,18,1,12,0.50,,13,0.69,,,,,,,1,2,42,45%,25,48%,1,36,0,1,38,2,72,77.9,1,20,8,1.0,3,72,1,2.8,3,,1,3,3,,3,5,9,,,,,,
43,SouthSide Charter School,E,All Students,,All,,0,5,127,97%,19,38,1,0.0,1,127,97%,21,39,1,0.0,1,32,97%,23,40,2,75,0.89,2,75,1.03,2,52,100%,37%,0.69,2,,,,,,,,,,,,,136,35.3,1,8,,,,136,1,1.5,3,0,,3,4,4,,4,6,Mid Level,Mid Level,Mid Level,,,Mid Level
43,SouthSide Charter School,E,American Indian or Alaska Native,2Race/Ethnicity,AM7,,0,5,0,,,,,,,0,,,,,,,0,,,,,0,,,0,,,0,,,,,,,,,,,,,,,,,0,,,8,,,,0,3,,,,,0,,,,0,,,,,,,
43,SouthSide Charter School,E,Asian,2Race/Ethnicity,AS7,,0,5,1,,,,,,,1,,,,,,,0,,,,,1,,,1,,,0,,,,,,,,,,,,,,,,,0,,,8,,,,2,3,,,,,0,,,,0,,,,,,,
43,SouthSide Charter School,E,Black or African American,2Race/Ethnicity,BL7,,0,5,42,98%,12,31,1,0.0,1,42,98%,12,32,1,0.0,1,9,,,,,24,1.04,2,24,1.04,2,1,,,,,,,,,,,,,,,,,43,25.5,2,8,,,,43,1,2.3,3,,,2,,4,,4,7,,,,,,
43,SouthSide Charter School,E,Hispanic,2Race/Ethnicity,HI7,,0,5,76,96%,21,39,1,0.0,1,76,96%,26,43,2,0.0,1,23,96%,32,45,2,46,0.78,1,46,0.98,2,51,100%,35%,0.68,2,,,,,,,,,,,,,83,38.5,1,8,,,,83,1,1.2,3,,,3,5,3,,4,6,,,,,,
43,SouthSide Charter School,E,Two or More Races,2Race/Ethnicity,MU7,,0,5,2,,,,,,,2,,,,,,,0,,,,,1,,,1,,,0,,,,,,,,,,,,,,,,,6,,,8,,,,12,3,0.0,,,,0,,,,0,,,,,,,
43,SouthSide Charter School,E,Native Hawaiian or Other Pacific Islander,2Race/Ethnicity,PI7,,0,5,0,,,,,,,0,,,,,,,0,,,,,0,,,0,,,0,,,,,,,,,,,,,,,,,0,,,8,,,,0,3,,,,,0,,,,0,,,,,,,
43,SouthSide Charter School,E,White,2Race/Ethnicity,WH7,,0,5,6,,,,,,,6,,,,,,,0,,,,,3,,,3,,,0,,,,,,,,,,,,,,,,,4,,,8,,,,15,3,0.0,,,,0,,,,0,,,,,,,
43,SouthSide Charter School,E,Economically Disadvantaged,3Program Status,FRL,,0,5,107,96%,17,35,1,0.0,1,107,96%,19,37,1,0.0,1,28,96%,22,40,2,64,0.88,2,64,1.06,2,49,100%,37%,0.67,2,,,,,,,,,,,,,116,37.8,1,8,,,,116,1,1.7,3,,,3,4,4,,4,6,,,,,,
43,SouthSide Charter School,E,Students with Disabilities,3Program Status,IEP,,0,5,16,81%,0,10,,0.0,,16,81%,0,6,,0.0,,2,,,,,8,,,8,,,13,100%,23%,0.59,,,,,,,,,,,,,,24,29.3,2,8,,,,24,1,0.0,3,,1,0,,,,2,5,,,,,,
43,SouthSide Charter School,E,English Learners,3Program Status,LEP,,0,5,30,93%,21,36,1,0.0,1,30,93%,28,41,2,0.0,1,6,,,,,12,0.92,,12,1.25,,,,,,,,,,,,,,,,,,,36,30.3,1,8,,,,36,1,0.0,3,,1,2,,,,4,6,,,,,,
46,Segue Institute for Learning,S,All Students,,All,K8,0,9,468,100%,15,31,1,0.9,1,466,100%,12,29,1,0.2,1,152,100%,11,27,1,386,1.00,2,389,0.95,2,282,100%,54%,0.75,2,,,,,,,,,,,,,408,3.7,3,28,24,0.0,3,408,1,1.0,3,1,,3,3,4,,5,11,Focus Area,Mid Level,Mid Level,,,Mid Level
46,Segue Institute for Learning,S,American Indian or Alaska Native,2Race/Ethnicity,AM7,K8,0,9,0,,,,,,,0,,,,,,,0,,,,,0,,,0,,,0,,,,,,,,,,,,,,,,,0,,,28,,,,0,3,,,,,0,,,,0,,,,,,,
46,Segue Institute for Learning,S,Asian,2Race/Ethnicity,AS7,K8,0,9,0,,,,,,,0,,,,,,,0,,,,,0,,,0,,,0,,,,,,,,,,,,,,,,,0,,,28,,,,0,3,,,,,0,,,,0,,,,,,,
46,Segue Institute for Learning,S,Black or African American,2Race/Ethnicity,BL7,K8,0,9,14,100%,7,29,,0.0,,14,100%,7,26,,0.0,,4,,,,,12,0.75,,12,1.08,,0,,,,,,,,,,,,,,,,,21,4.9,3,28,2,0.0,3,21,1,4.9,3,,,0,,,,3,9,,,,,,
46,Segue Institute for Learning,S,Hispanic,2Race/Ethnicity,HI7,K8,0,9,428,100%,16,31,1,0.9,1,426,100%,12,29,1,0.2,1,140,100%,12,28,1,355,1.03,2,358,0.95,2,274,100%,54%,0.76,2,,,,,,,,,,,,,371,3.5,3,28,21,0.0,3,371,1,0.8,3,,,3,3,4,,5,11,,,,,,
46,Segue Institute for Learning,S,Two or More Races,2Race/Ethnicity,MU7,K8,0,9,0,,,,,,,0,,,,,,,0,,,,,0,,,0,,,0,,,,,,,,,,,,,,,,,0,,,28,,,,4,3,,,,,0,,,,0,,,,,,,
46,Segue Institute for Learning,S,Native Hawaiian or Other Pacific Islander,2Race/Ethnicity,PI7,K8,0,9,0,,,,,,,0,,,,,,,0,,,,,0,,,0,,,0,,,,,,,,,,,,,,,,,0,,,28,,,,0,3,,,,,0,,,,0,,,,,,,
46,Segue Institute for Learning,S,White,2Race/Ethnicity,WH7,K8,0,9,26,100%,8,24,1,0.0,1,26,100%,15,26,1,0.0,1,8,,,,,19,0.74,,19,0.79,,8,,,,,,,,,,,,,,,,,17,6.0,,28,1,0.0,,34,2,0.0,3,,,2,,,,3,5,,,,,,
46,Segue Institute for Learning,S,Economically Disadvantaged,3Program Status,FRL,K8,0,9,419,100%,15,31,1,1.0,1,417,100%,11,28,1,0.2,1,134,100%,11,26,1,345,1.01,2,348,0.95,2,261,100%,55%,0.76,2,,,,,,,,,,,,,388,3.9,3,28,23,0.0,3,388,1,1.0,3,,,3,3,4,,5,11,,,,,,
46,Segue Institute for Learning,S,Students with Disabilities,3Program Status,IEP,K8,0,9,63,100%,2,8,1,0.0,1,61,100%,3,10,1,0.0,1,18,100%,0,7,,48,0.85,2,47,0.77,1,55,100%,42%,0.63,2,,,,,,,,,,,,,70,2.9,3,28,4,0.0,3,70,1,1.4,3,,,2,,3,,5,11,,,,,,
46,Segue Institute for Learning,S,English Learners,3Program Status,LEP,K8,0,9,227,100%,7,21,1,0.4,1,225,100%,8,23,1,0.0,1,65,100%,5,17,1,188,0.99,2,191,0.90,2,,,,,,,,,,,,,,,,,,178,4.5,3,28,10,0.0,3,178,1,1.7,3,,,3,3,4,,5,11,,,,,,
47,"Blackstone Valley Prep, A RI Mayoral Academy",S,All Students,,All,K12,0,12,2471,100%,29,45,2,3.1,2,2467,100%,30,46,2,3.8,2,914,100%,23,41,2,2000,1.00,2,2004,1.12,3,653,100%,51%,0.75,2,1,1,263,97%,108,95%,5,114,47,2,61,2,2252,16.9,2,112,105,1.9,3,2252,1,3.4,3,0,,3,6,5,4,5,12,Mid Level,Strong,Mid Level,Strong,Mid Level,Strong
47,"Blackstone Valley Prep, A RI Mayoral Academy",S,American Indian or Alaska Native,2Race/Ethnicity,AM7,K12,0,12,20,100%,35,50,2,0.0,1,20,100%,15,37,1,5.0,2,6,,,,,15,1.07,,15,1.07,,1,,,,,1,,0,,0,,,0,,,,,21,33.3,1,112,1,2.1,3,21,1,4.8,3,,,2,,,,5,10,,,,,,
47,"Blackstone Valley Prep, A RI Mayoral Academy",S,Asian,2Race/Ethnicity,AS7,K12,0,12,85,100%,61,72,3,11.8,3,85,100%,64,73,3,18.8,3,30,100%,53,66,2,70,1.21,3,70,1.13,3,27,100%,70%,0.96,3,1,,6,,6,,,5,,,,,76,13.2,3,112,3,1.5,3,76,1,2.6,3,,,3,8,6,,5,15,,,,,,
47,"Blackstone Valley Prep, A RI Mayoral Academy",S,Black or African American,2Race/Ethnicity,BL7,K12,0,12,600,100%,26,42,2,2.0,2,596,100%,29,45,2,2.5,2,209,99%,17,36,1,477,1.01,2,475,1.14,3,99,100%,46%,0.71,2,1,2,35,94%,23,91%,4,24,25,1,23,1,596,13.1,3,112,29,1.6,3,596,1,4.7,3,,,3,5,5,2,5,13,,,,,,
47,"Blackstone Valley Prep, A RI Mayoral Academy",S,Hispanic,2Race/Ethnicity,HI7,K12,0,12,1318,99%,25,41,2,2.4,2,1318,100%,26,43,2,2.7,2,509,100%,20,38,1,1064,0.97,2,1069,1.10,3,502,100%,52%,0.75,2,1,1,158,99%,65,97%,5,68,40,2,66,2,1102,18.5,2,112,51,2.2,3,1102,1,3.6,3,,,3,5,5,4,5,12,,,,,,
47,"Blackstone Valley Prep, A RI Mayoral Academy",S,Two or More Races,2Race/Ethnicity,MU7,K12,0,12,11,100%,27,45,,0.0,,11,100%,36,52,,9.1,,4,,,,,10,0.70,,10,0.90,,0,,,,,1,,5,,5,,,3,,,,,4,,,112,,,,35,2,0.0,3,,,0,,,,1,3,,,,,,
47,"Blackstone Valley Prep, A RI Mayoral Academy",S,Native Hawaiian or Other Pacific Islander,2Race/Ethnicity,PI7,K12,0,12,6,,,,,,,6,,,,,,,1,,,,,4,,,4,,,0,,,,,1,,0,,0,,,0,,,,,12,8.4,,112,1,0.0,,17,3,0.0,,,,0,,,,0,,,,,,,
47,"Blackstone Valley Prep, A RI Mayoral Academy",S,White,2Race/Ethnicity,WH7,K12,0,12,431,100%,40,54,2,5.6,2,431,100%,36,52,2,6.0,2,155,100%,38,54,2,360,1.03,2,361,1.14,3,24,100%,38%,0.78,2,1,1,59,93%,23,96%,5,24,75,3,71,2,441,17.9,2,112,21,1.6,3,441,1,1.1,3,,,3,6,5,5,5,12,,,,,,
47,"Blackstone Valley Prep, A RI Mayoral Academy",S,Economically Disadvantaged,3Program Status,FRL,K12,0,12,1793,99%,24,41,2,2.2,2,1790,100%,26,42,2,2.5,2,645,100%,17,36,1,1448,0.99,2,1453,1.13,3,559,100%,52%,0.75,2,1,1,210,97%,91,95%,5,97,44,2,57,2,1782,18.6,2,112,84,1.8,3,1782,1,4.0,3,,,3,5,5,4,5,12,,,,,,
47,"Blackstone Valley Prep, A RI Mayoral Academy",S,Students with Disabilities,3Program Status,IEP,K12,0,12,471,99%,6,16,1,0.4,1,470,99%,8,19,1,0.6,1,154,98%,5,21,1,353,0.85,2,353,0.98,2,191,100%,41%,0.64,2,1,2,36,86%,25,88%,3,31,3,1,3,1,460,23.0,2,112,21,1.5,3,460,1,8.0,2,,,3,3,4,2,5,9,,,,,,
47,"Blackstone Valley Prep, A RI Mayoral Academy",S,English Learners,3Program Status,LEP,K12,0,12,438,99%,18,34,1,0.5,1,438,100%,19,37,1,2.1,2,130,100%,8,25,1,307,1.02,2,309,1.04,2,,,,,,1,,5,,5,,,4,,,,,428,14.9,3,112,19,0.5,3,428,1,2.1,3,,,3,3,4,,5,12,,,,,,
48,Highlander,S,All Students,,All,K12,-1,12,622,99%,17,31,1,1.1,1,620,98%,8,25,1,0.3,1,297,98%,11,27,1,514,0.96,2,511,0.91,2,303,99%,41%,0.64,2,1,1,160,82%,49,71%,3,47,15,1,25,1,590,38.8,1,49,46,21.8,1,614,1,10.3,1,1,,3,3,4,2,5,5,Focus Area,Mid Level,Mid Level,Mid Level,Focus Area,Focus Area
48,Highlander,S,American Indian or Alaska Native,2Race/Ethnicity,AM7,K12,-1,12,15,93%,20,31,,0.0,,15,93%,0,16,,0.0,,8,,,,,14,0.71,,14,0.79,,7,,,,,1,,3,,3,,,2,,,,,18,33.3,,49,1,22.1,,34,2,5.9,2,,1,0,,,,1,2,,,,,,
48,Highlander,S,Asian,2Race/Ethnicity,AS7,K12,-1,12,3,,,,,,,2,,,,,,,1,,,,,2,,,1,,,0,,,,,1,,2,,2,,,2,,,,,3,,,49,,,,13,3,0.0,,,,0,,,,0,,,,,,,
48,Highlander,S,Black or African American,2Race/Ethnicity,BL7,K12,-1,12,157,99%,19,34,1,1.3,1,156,97%,9,26,1,0.0,1,76,97%,8,25,1,119,0.95,2,120,0.78,1,35,100%,40%,0.67,2,1,2,40,78%,25,76%,2,28,11,1,19,1,152,34.2,1,49,12,22.2,1,160,1,13.1,1,,,3,3,3,2,5,5,,,,,,
48,Highlander,S,Hispanic,2Race/Ethnicity,HI7,K12,-1,12,363,99%,16,31,1,1.1,1,363,98%,7,25,1,0.3,1,166,98%,11,27,1,308,1.01,2,306,0.97,2,226,99%,42%,0.64,2,1,1,88,83%,27,70%,3,23,13,1,23,1,309,37.5,1,49,24,22.2,1,314,1,7.6,2,,,3,3,4,2,5,6,,,,,,
48,Highlander,S,Two or More Races,2Race/Ethnicity,MU7,K12,-1,12,11,100%,45,48,,0.0,,11,100%,18,24,,0.0,,7,,,,,9,,,10,1.20,,1,,,,,1,,8,,8,,,4,,,,,12,42.1,,49,1,21.4,,28,2,18.1,1,,,0,,,,1,1,,,,,,
48,Highlander,S,Native Hawaiian or Other Pacific Islander,2Race/Ethnicity,PI7,K12,-1,12,1,,,,,,,1,,,,,,,0,,,,,1,,,1,,,2,,,,,1,,1,,1,,,1,,,,,2,,,49,,,,5,3,,,,,0,,,,0,,,,,,,
48,Highlander,S,White,2Race/Ethnicity,WH7,K12,-1,12,72,99%,13,24,1,1.4,1,72,97%,7,18,1,1.4,1,39,95%,11,27,1,61,0.80,1,59,0.88,2,32,100%,38%,0.59,1,1,3,18,78%,19,74%,,12,25,,18,,94,52.2,1,49,8,20.5,1,103,1,16.5,1,,,3,3,3,,5,5,,,,,,
48,Highlander,S,Economically Disadvantaged,3Program Status,FRL,K12,-1,12,525,99%,16,30,1,1.3,1,524,98%,6,23,1,0.2,1,251,98%,9,25,1,437,0.94,2,438,0.91,2,283,99%,41%,0.63,2,1,1,150,81%,46,70%,3,45,13,1,26,1,525,39.6,1,49,41,22.3,1,545,1,11.0,1,,,3,3,4,2,5,5,,,,,,
48,Highlander,S,Students with Disabilities,3Program Status,IEP,K12,-1,12,143,98%,4,9,1,0.0,1,143,97%,1,10,1,0.0,1,70,96%,3,15,1,119,0.76,1,116,0.83,1,88,100%,32%,0.51,1,1,2,29,83%,20,70%,3,20,0,1,5,1,121,40.5,1,49,10,22.0,1,123,1,16.3,1,,,3,3,2,2,5,5,,,,,,
48,Highlander,S,English Learners,3Program Status,LEP,K12,-1,12,215,100%,6,18,1,0.0,1,215,99%,2,17,1,0.0,1,96,99%,4,20,1,175,0.95,2,179,0.90,2,,,,,,1,2,31,84%,27,74%,3,24,13,1,19,1,189,38.1,1,49,15,25.1,1,189,1,4.8,3,,,3,3,4,2,5,7,,,,,,
49,Urban Collaborative,M,All Students,,All,,7,8,251,97%,7,20,1,0.4,1,250,97%,3,17,1,0.4,1,141,98%,5,18,1,227,0.86,2,222,0.95,2,60,100%,60%,0.80,2,,,,,,,,,,,,,143,52.3,1,14,13,0.0,,143,1,18.1,1,0,,3,3,4,,4,4,Focus Area,Mid Level,Mid Level,,,Focus Area
49,Urban Collaborative,M,American Indian or Alaska Native,2Race/Ethnicity,AM7,,7,8,3,,,,,,,3,,,,,,,2,,,,,3,,,2,,,0,,,,,,,,,,,,,,,,,4,,,14,,,,4,3,,,,,0,,,,0,,,,,,,
49,Urban Collaborative,M,Asian,2Race/Ethnicity,AS7,,7,8,5,,,,,,,5,,,,,,,3,,,,,5,,,4,,,0,,,,,,,,,,,,,,,,,3,,,14,,,,7,3,,,,,0,,,,0,,,,,,,
49,Urban Collaborative,M,Black or African American,2Race/Ethnicity,BL7,,7,8,46,100%,2,12,1,0.0,1,46,100%,2,13,1,0.0,1,24,96%,0,6,1,42,0.83,1,42,0.93,2,3,,,,,,,,,,,,,,,,,31,70.9,1,14,3,0.0,,31,1,25.8,1,,,3,3,3,,4,4,,,,,,
49,Urban Collaborative,M,Hispanic,2Race/Ethnicity,HI7,,7,8,187,97%,7,22,1,0.6,1,186,97%,2,18,1,0.6,1,107,99%,6,20,1,171,0.87,2,167,0.96,2,56,100%,59%,0.78,2,,,,,,,,,,,,,96,42.7,1,14,9,0.0,,96,1,11.4,1,,,3,3,4,,4,4,,,,,,
49,Urban Collaborative,M,Two or More Races,2Race/Ethnicity,MU7,,7,8,2,,,,,,,2,,,,,,,0,,,,,2,,,2,,,0,,,,,,,,,,,,,,,,,3,,,14,,,,6,3,,,,,0,,,,0,,,,,,,
49,Urban Collaborative,M,Native Hawaiian or Other Pacific Islander,2Race/Ethnicity,PI7,,7,8,1,,,,,,,1,,,,,,,1,,,,,0,,,1,,,1,,,,,,,,,,,,,,,,,1,,,14,,,,2,3,,,,,0,,,,0,,,,,,,
49,Urban Collaborative,M,White,2Race/Ethnicity,WH7,,7,8,7,,,,,,,7,,,,,,,4,,,,,4,,,4,,,0,,,,,,,,,,,,,,,,,6,,,14,,,,26,3,41.6,1,,,0,,,,1,1,,,,,,
49,Urban Collaborative,M,Economically Disadvantaged,3Program Status,FRL,,7,8,251,97%,7,20,1,0.4,1,250,97%,3,17,1,0.4,1,141,98%,5,18,1,227,0.86,2,222,0.95,2,60,100%,60%,0.80,2,,,,,,,,,,,,,143,52.3,1,14,13,0.0,,143,1,18.1,1,,,3,3,4,,4,4,,,,,,
49,Urban Collaborative,M,Students with Disabilities,3Program Status,IEP,,7,8,31,100%,0,4,1,0.0,1,31,97%,0,4,1,0.0,1,14,100%,0,10,,31,1.00,2,30,0.97,2,15,100%,47%,0.61,,,,,,,,,,,,,,20,56.4,,14,2,0.0,,34,2,17.4,1,,,2,,4,,3,3,,,,,,
49,Urban Collaborative,M,English Learners,3Program Status,LEP,,7,8,69,100%,0,13,1,0.0,1,69,100%,0,14,1,0.0,1,41,100%,0,14,1,66,0.98,2,66,1.12,3,,,,,,,,,,,,,,,,,,30,47.4,1,14,3,0.0,,30,1,3.4,3,,,3,3,5,,4,6,,,,,,
50,R.I. Sch for the Deaf,S,All Students,,All,K12,-1,12,75,95%,10,17,1,0.0,1,75,95%,8,16,1,0.0,1,33,97%,6,29,1,40,0.75,1,41,0.63,1,32,100%,22%,0.44,1,1,3,16,31%,16,13%,,13,0,,16,,73,24.8,2,23,22,16.0,1,81,1,0.0,3,5,,3,3,2,,5,8,Focus Area,Focus Area,Focus Area,,,Mid Level
50,R.I. Sch for the Deaf,S,American Indian or Alaska Native,2Race/Ethnicity,AM7,K12,-1,12,0,,,,,,,0,,,,,,,0,,,,,0,,,0,,,0,,,,,1,,1,,1,,,0,,,,,1,,,23,,,,3,3,,,,,0,,,,0,,,,,,,
50,R.I. Sch for the Deaf,S,Asian,2Race/Ethnicity,AS7,K12,-1,12,2,,,,,,,2,,,,,,,1,,,,,1,,,1,,,0,,,,,1,,0,,0,,,0,,,,,2,,,23,,,,4,3,,,,,0,,,,0,,,,,,,
50,R.I. Sch for the Deaf,S,Black or African American,2Race/Ethnicity,BL7,K12,-1,12,9,,,,,,,9,,,,,,,5,,,,,5,,,5,,,2,,,,,1,,0,,0,,,1,,,,,10,29.2,,23,3,16.2,,22,2,0.0,3,,,0,,,,1,3,,,,,,
50,R.I. Sch for the Deaf,S,Hispanic,2Race/Ethnicity,HI7,K12,-1,12,35,100%,11,15,1,0.0,1,35,100%,3,11,1,0.0,1,14,100%,7,26,,26,0.73,1,27,0.56,1,29,100%,17%,0.41,1,1,,8,,7,,,7,,,,,32,25.3,2,23,10,17.3,1,37,1,0.0,3,,,2,,2,,5,8,,,,,,
50,R.I. Sch for the Deaf,S,Two or More Races,2Race/Ethnicity,MU7,K12,-1,12,3,,,,,,,3,,,,,,,2,,,,,1,,,1,,,0,,,,,1,,0,,1,,,0,,,,,4,,,23,,,,7,3,,,,,0,,,,0,,,,,,,
50,R.I. Sch for the Deaf,S,Native Hawaiian or Other Pacific Islander,2Race/Ethnicity,PI7,K12,-1,12,0,,,,,,,0,,,,,,,0,,,,,0,,,0,,,0,,,,,1,,0,,0,,,0,,,,,0,,,23,,,,0,3,,,,,0,,,,0,,,,,,,
50,R.I. Sch for the Deaf,S,White,2Race/Ethnicity,WH7,K12,-1,12,26,85%,8,21,1,0.0,1,26,85%,16,23,1,0.0,1,11,91%,9,33,,7,,,7,,,1,,,,,1,,7,,7,,,5,,,,,24,16.9,2,23,6,13.8,2,24,1,0.0,3,,1,2,,,,5,9,,,,,,
50,R.I. Sch for the Deaf,S,Economically Disadvantaged,3Program Status,FRL,K12,-1,12,53,98%,10,15,1,0.0,1,53,98%,6,13,1,0.0,1,22,100%,5,24,1,33,0.73,1,34,0.59,1,27,100%,26%,0.49,1,1,3,16,31%,16,13%,,13,0,,16,,52,26.7,2,23,16,15.4,1,60,1,0.0,3,,,3,3,2,,5,8,,,,,,
50,R.I. Sch for the Deaf,S,Students with Disabilities,3Program Status,IEP,K12,-1,12,72,99%,10,17,1,0.0,1,72,99%,8,16,1,0.0,1,32,100%,6,29,1,40,0.75,1,41,0.63,1,32,100%,22%,0.44,1,1,3,16,31%,16,13%,,13,0,,16,,68,24.9,2,23,21,15.0,1,76,1,0.0,3,,,3,3,2,,5,8,,,,,,
50,R.I. Sch for the Deaf,S,English Learners,3Program Status,LEP,K12,-1,12,22,100%,14,17,1,0.0,1,22,100%,0,9,1,0.0,1,8,,,,,12,0.75,,13,0.69,,,,,,,1,,5,,5,,,6,,,,,21,19.1,2,23,6,14.6,2,21,1,0.0,3,,,2,,,,5,9,,,,,,
51,Paul Cuffee Charter Sch,S,All Students,,All,K12,0,12,849,99%,19,34,1,1.2,1,851,99%,16,33,1,1.2,1,370,99%,13,33,1,706,1.00,2,709,1.14,3,299,100%,45%,0.69,2,1,1,196,89%,67,84%,3,65,15,1,28,1,820,18.9,2,59,56,3.5,3,820,1,6.3,2,0,,3,3,5,2,5,9,Focus Area,Strong,Mid Level,Mid Level,Focus Area,Mid Level
51,Paul Cuffee Charter Sch,S,American Indian or Alaska Native,2Race/Ethnicity,AM7,K12,0,12,5,,,,,,,5,,,,,,,2,,,,,4,,,4,,,1,,,,,1,,1,,1,,,1,,,,,5,,,59,,,,15,3,0.0,,,,0,,,,0,,,,,,,
51,Paul Cuffee Charter Sch,S,Asian,2Race/Ethnicity,AS7,K12,0,12,21,95%,30,48,2,0.0,1,21,95%,30,43,2,0.0,1,8,,,,,14,1.14,,14,0.86,,0,,,,,1,,6,,6,,,5,,,,,11,18.0,,59,1,1.9,,29,2,0.0,3,,,2,,,,3,5,,,,,,
51,Paul Cuffee Charter Sch,S,Black or African American,2Race/Ethnicity,BL7,K12,0,12,148,99%,23,39,1,0.7,1,149,99%,16,32,1,0.7,1,69,99%,6,30,1,120,1.07,2,121,1.14,3,4,,,,,1,2,38,92%,21,86%,4,22,23,1,14,1,149,16.7,2,59,11,2.9,3,149,1,14.1,1,,,3,3,5,2,5,8,,,,,,
51,Paul Cuffee Charter Sch,S,Hispanic,2Race/Ethnicity,HI7,K12,0,12,603,100%,18,33,1,1.2,1,604,100%,15,32,1,1.5,1,266,100%,15,33,1,509,0.97,2,511,1.14,3,289,100%,44%,0.68,2,1,1,139,89%,43,86%,3,45,11,1,34,1,595,19.2,2,59,41,3.6,3,595,1,5.0,2,,,3,3,5,2,5,9,,,,,,
51,Paul Cuffee Charter Sch,S,Two or More Races,2Race/Ethnicity,MU7,K12,0,12,47,96%,11,27,1,2.2,2,47,96%,16,31,1,0.0,1,18,94%,11,26,,38,0.97,2,38,1.16,3,0,,,,,1,,8,,9,,,4,,,,,33,27.4,2,59,2,4.2,3,33,1,3.0,3,,1,2,,5,,5,11,,,,,,
51,Paul Cuffee Charter Sch,S,Native Hawaiian or Other Pacific Islander,2Race/Ethnicity,PI7,K12,0,12,4,,,,,,,4,,,,,,,2,,,,,4,,,4,,,0,,,,,1,,0,,0,,,0,,,,,2,,,59,,,,11,3,0.0,,,,0,,,,0,,,,,,,
51,Paul Cuffee Charter Sch,S,White,2Race/Ethnicity,WH7,K12,0,12,21,100%,19,40,2,4.8,2,21,100%,24,40,2,0.0,1,5,,,,,17,1.12,,17,1.18,,5,,,,,1,,4,,4,,,4,,,,,25,12.1,3,59,2,4.5,3,25,1,0.0,3,,,2,,,,5,12,,,,,,
51,Paul Cuffee Charter Sch,S,Economically Disadvantaged,3Program Status,FRL,K12,0,12,746,99%,18,34,1,1.2,1,747,99%,16,33,1,1.3,1,328,99%,13,32,1,621,1.00,2,623,1.15,3,278,100%,45%,0.69,2,1,1,185,89%,63,84%,3,61,15,1,30,1,745,19.2,2,59,52,3.5,3,745,1,6.6,2,,,3,3,5,2,5,9,,,,,,
51,Paul Cuffee Charter Sch,S,Students with Disabilities,3Program Status,IEP,K12,0,12,129,98%,9,16,1,0.8,1,130,98%,5,15,1,3.9,2,56,100%,7,24,1,90,0.87,2,91,0.92,2,63,100%,40%,0.63,2,1,2,28,89%,20,75%,3,20,0,1,15,1,131,22.9,2,59,9,3.5,3,131,1,16.8,1,,,3,3,4,2,5,9,,,,,,
51,Paul Cuffee Charter Sch,S,English Learners,3Program Status,LEP,K12,0,12,197,100%,8,23,1,0.5,1,198,100%,8,25,1,2.5,2,81,100%,5,24,1,163,0.90,2,164,1.01,2,,,,,,1,3,27,85%,27,85%,3,18,0,,11,,198,16.7,2,59,15,3.6,3,198,1,5.6,2,,,3,3,4,,5,10,,,,,,
52,Kingston Hill Academy,E,All Students,,All,,0,5,249,100%,63,74,3,12.9,3,249,100%,65,75,3,13.3,3,76,100%,61,74,3,157,1.43,3,157,1.55,3,4,,,,,,,,,,,,,,,,,259,7.7,3,19,18,4.5,,259,1,4.2,3,0,,3,9,6,,4,12,Strong,Strong,,,,Strong
52,Kingston Hill Academy,E,American Indian or Alaska Native,2Race/Ethnicity,AM7,,0,5,2,,,,,,,2,,,,,,,0,,,,,1,,,1,,,0,,,,,,,,,,,,,,,,,2,,,19,,,,4,3,,,,,0,,,,0,,,,,,,
52,Kingston Hill Academy,E,Asian,2Race/Ethnicity,AS7,,0,5,6,,,,,,,6,,,,,,,2,,,,,3,,,3,,,0,,,,,,,,,,,,,,,,,11,0.0,,19,1,0.0,,23,2,0.0,3,,,0,,,,1,3,,,,,,
52,Kingston Hill Academy,E,Black or African American,2Race/Ethnicity,BL7,,0,5,7,,,,,,,7,,,,,,,3,,,,,6,,,6,,,0,,,,,,,,,,,,,,,,,7,,,19,,,,22,3,0.0,3,,,0,,,,1,3,,,,,,
52,Kingston Hill Academy,E,Hispanic,2Race/Ethnicity,HI7,,0,5,23,100%,65,75,3,13.0,3,23,100%,65,77,3,13.0,3,8,,,,,14,1.07,,14,1.57,,2,,,,,,,,,,,,,,,,,26,7.7,3,19,2,0.0,,26,1,7.7,2,,,2,,,,4,11,,,,,,
52,Kingston Hill Academy,E,Two or More Races,2Race/Ethnicity,MU7,,0,5,17,100%,76,84,,17.6,,17,100%,82,86,,35.3,,7,,,,,11,1.55,,11,1.45,,0,,,,,,,,,,,,,,,,,18,0.0,,19,1,5.5,,36,2,5.6,2,,,0,,,,1,2,,,,,,
52,Kingston Hill Academy,E,Native Hawaiian or Other Pacific Islander,2Race/Ethnicity,PI7,,0,5,1,,,,,,,1,,,,,,,0,,,,,0,,,0,,,0,,,,,,,,,,,,,,,,,1,,,19,,,,3,3,,,,,0,,,,0,,,,,,,
52,Kingston Hill Academy,E,White,2Race/Ethnicity,WH7,,0,5,193,100%,63,74,3,12.4,3,193,100%,65,75,3,11.9,3,56,100%,64,76,3,122,1.48,3,122,1.57,3,2,,,,,,,,,,,,,,,,,195,7.7,3,19,13,5.0,,195,1,4.6,3,,,3,9,6,,4,12,,,,,,
52,Kingston Hill Academy,E,Economically Disadvantaged,3Program Status,FRL,,0,5,41,100%,49,63,2,0.0,1,41,100%,49,63,2,7.3,2,13,100%,23,49,,27,1.33,3,27,1.33,3,2,,,,,,,,,,,,,,,,,56,16.2,2,19,4,6.5,,56,1,3.6,3,,,2,,6,,4,8,,,,,,
52,Kingston Hill Academy,E,Students with Disabilities,3Program Status,IEP,,0,5,45,100%,22,42,2,0.0,1,45,100%,40,56,2,2.2,2,9,,,,,24,1.17,3,24,1.33,3,1,,,,,,,,,,,,,,,,,54,7.4,3,19,6,13.0,,54,1,9.3,2,,,2,,6,,4,8,,,,,,
52,Kingston Hill Academy,E,English Learners,3Program Status,LEP,,0,5,5,,,,,,,5,,,,,,,1,,,,,2,,,2,,,,,,,,,,,,,,,,,,,,6,,,19,,,,17,3,0.0,,,,0,,,,0,,,,,,,
53,International Charter,E,All Students,,All,,0,5,353,100%,24,40,2,2.0,2,352,99%,27,43,2,1.7,1,114,100%,29,44,2,224,1.04,2,224,1.03,2,213,99%,58%,0.83,2,,,,,,,,,,,,,380,21.1,2,18,18,0.0,,380,1,0.5,3,0,,3,6,4,,4,8,Mid Level,Mid Level,Mid Level,,,Mid Level
53,International Charter,E,American Indian or Alaska Native,2Race/Ethnicity,AM7,,0,5,0,,,,,,,0,,,,,,,0,,,,,0,,,0,,,0,,,,,,,,,,,,,,,,,1,,,18,,,,1,3,,,,,0,,,,0,,,,,,,
53,International Charter,E,Asian,2Race/Ethnicity,AS7,,0,5,1,,,,,,,1,,,,,,,1,,,,,1,,,1,,,0,,,,,,,,,,,,,,,,,1,,,18,,,,4,3,,,,,0,,,,0,,,,,,,
53,International Charter,E,Black or African American,2Race/Ethnicity,BL7,,0,5,57,100%,23,40,2,0.0,1,57,100%,21,38,1,0.0,1,22,100%,32,47,2,41,0.85,2,41,1.02,2,17,100%,53%,0.76,,,,,,,,,,,,,,51,11.8,3,18,2,0.0,,51,1,0.0,3,,,3,5,4,,4,8,,,,,,
53,International Charter,E,Hispanic,2Race/Ethnicity,HI7,,0,5,227,100%,20,37,1,2.6,2,226,98%,24,40,2,1.4,1,74,100%,23,38,1,144,1.10,3,146,0.98,2,171,99%,60%,0.84,2,,,,,,,,,,,,,257,20.2,2,18,12,0.0,,257,1,0.8,3,,,3,4,5,,4,8,,,,,,
53,International Charter,E,Two or More Races,2Race/Ethnicity,MU7,,0,5,14,100%,50,62,,7.1,,14,100%,57,64,,7.1,,3,,,,,5,,,5,,,0,,,,,,,,,,,,,,,,,15,40.0,,18,1,0.0,,30,2,0.0,3,,,0,,,,1,3,,,,,,
53,International Charter,E,Native Hawaiian or Other Pacific Islander,2Race/Ethnicity,PI7,,0,5,0,,,,,,,0,,,,,,,0,,,,,0,,,0,,,0,,,,,,,,,,,,,,,,,0,,,18,,,,0,3,,,,,0,,,,0,,,,,,,
53,International Charter,E,White,2Race/Ethnicity,WH7,,0,5,54,100%,31,49,2,0.0,1,54,98%,40,53,2,1.9,1,14,100%,36,50,,33,1.03,2,31,1.10,3,25,100%,52%,0.79,2,,,,,,,,,,,,,55,27.3,2,18,3,0.0,,55,1,0.0,3,,,2,,5,,4,7,,,,,,
53,International Charter,E,Economically Disadvantaged,3Program Status,FRL,,0,5,216,100%,14,32,1,0.9,1,216,98%,18,35,1,0.0,1,72,100%,19,34,1,141,1.01,2,142,0.96,2,163,99%,57%,0.82,2,,,,,,,,,,,,,262,25.6,2,18,12,0.0,,262,1,0.8,3,,,3,3,4,,4,7,,,,,,
53,International Charter,E,Students with Disabilities,3Program Status,IEP,,0,5,44,100%,2,16,1,0.0,1,44,98%,7,16,1,0.0,1,13,100%,8,10,,28,1.00,2,28,1.18,3,30,100%,27%,0.67,2,,,,,,,,,,,,,46,30.5,1,18,2,0.0,,46,1,2.2,3,,,2,,5,,4,6,,,,,,
53,International Charter,E,English Learners,3Program Status,LEP,,0,5,182,100%,15,34,1,2.7,2,181,98%,20,37,1,1.1,1,72,100%,17,33,1,129,1.09,2,129,0.98,2,,,,,,,,,,,,,,,,,,130,27.0,2,18,6,0.0,,130,1,0.8,3,,,3,3,4,,4,8,,,,,,
54,Blackstone Academy,H,All Students,,All,,9,12,166,99%,35,44,2,1.2,1,166,99%,9,23,1,0.0,1,162,98%,6,31,1,161,1.00,2,161,1.01,2,136,99%,40%,0.60,2,1,1,257,90%,89,83%,4,80,18,1,55,2,352,32.4,1,26,26,3.9,3,352,1,12.5,1,0,,3,4,4,3,5,7,Mid Level,Mid Level,Mid Level,Strong,Mid Level,Mid Level
54,Blackstone Academy,H,American Indian or Alaska Native,2Race/Ethnicity,AM7,,9,12,1,,,,,,,1,,,,,,,1,,,,,1,,,1,,,0,,,,,1,,0,,0,,,0,,,,,1,,,26,,,,3,3,,,,,0,,,,0,,,,,,,
54,Blackstone Academy,H,Asian,2Race/Ethnicity,AS7,,9,12,2,,,,,,,2,,,,,,,2,,,,,2,,,2,,,0,,,,,1,,2,,2,,,1,,,,,5,,,26,,,,13,3,7.7,,,,0,,,,0,,,,,,,
54,Blackstone Academy,H,Black or African American,2Race/Ethnicity,BL7,,9,12,43,100%,26,36,1,0.0,1,43,100%,5,17,1,0.0,1,42,100%,0,25,1,41,1.07,2,41,0.98,2,15,93%,27%,0.48,,1,1,72,90%,25,84%,4,25,4,1,38,2,71,25.3,2,26,6,3.8,3,71,1,19.7,1,,,3,3,4,3,5,8,,,,,,
54,Blackstone Academy,H,Hispanic,2Race/Ethnicity,HI7,,9,12,95,99%,37,45,2,0.0,1,95,99%,10,24,1,0.0,1,92,97%,7,30,1,92,0.96,2,92,1.04,2,116,99%,43%,0.62,2,1,1,165,89%,60,82%,3,51,22,1,61,2,225,35.6,1,26,16,3.9,3,225,1,10.7,1,,,3,4,4,3,5,7,,,,,,
54,Blackstone Academy,H,Two or More Races,2Race/Ethnicity,MU7,,9,12,13,100%,46,62,,0.0,,13,100%,0,18,,0.0,,13,100%,8,36,,13,1.23,,13,1.08,,3,,,,,1,,3,,3,,,1,,,,,23,25.8,2,26,2,4.0,3,23,1,12.9,1,,,0,,,,3,6,,,,,,
54,Blackstone Academy,H,Native Hawaiian or Other Pacific Islander,2Race/Ethnicity,PI7,,9,12,1,,,,,,,1,,,,,,,1,,,,,1,,,1,,,0,,,,,1,,0,,0,,,0,,,,,1,,,26,,,,3,3,,,,,0,,,,0,,,,,,,
54,Blackstone Academy,H,White,2Race/Ethnicity,WH7,,9,12,11,100%,27,39,,9.1,,11,100%,18,33,,0.0,,11,91%,9,33,,11,0.91,,11,0.82,,2,,,,,1,3,15,93%,15,93%,,7,,,,,26,35.1,1,26,2,3.6,3,26,1,11.7,1,,1,0,,,,3,5,,,,,,
54,Blackstone Academy,H,Economically Disadvantaged,3Program Status,FRL,,9,12,125,99%,32,42,2,0.0,1,125,99%,6,20,1,0.0,1,122,98%,3,27,1,121,1.01,2,121,0.98,2,122,98%,40%,0.59,1,1,1,245,91%,87,84%,4,78,18,1,55,2,302,33.1,1,26,22,4.0,3,302,1,12.9,1,,,3,4,4,3,5,7,,,,,,
54,Blackstone Academy,H,Students with Disabilities,3Program Status,IEP,,9,12,18,100%,0,6,,0.0,,18,100%,0,4,,0.0,,18,100%,0,20,,18,0.67,,18,0.39,,41,100%,46%,0.65,2,1,2,37,84%,20,80%,3,22,0,1,0,1,59,35.7,1,26,6,3.0,3,59,1,10.2,1,,,0,,,2,3,5,,,,,,
54,Blackstone Academy,H,English Learners,3Program Status,LEP,,9,12,30,97%,24,33,1,0.0,1,30,97%,3,11,1,0.0,1,29,100%,3,23,1,28,0.89,2,28,0.89,2,,,,,,1,2,28,93%,22,95%,5,22,0,1,15,1,80,32.7,1,26,7,3.6,3,80,1,15.1,1,,,3,3,4,2,5,7,,,,,,
55,The Compass School,S,All Students,,All,K8,0,8,317,97%,52,65,2,10.4,3,317,98%,50,64,2,8.0,2,119,99%,66,76,3,259,1.19,3,262,0.90,2,3,,,,,,,,,,,,,,,,,218,10.1,3,15,14,8.5,,218,1,1.4,3,0,,3,7,5,,4,11,Mid Level,Strong,,,,Strong
55,The Compass School,S,American Indian or Alaska Native,2Race/Ethnicity,AM7,K8,0,8,1,,,,,,,1,,,,,,,0,,,,,1,,,1,,,0,,,,,,,,,,,,,,,,,0,,,15,,,,3,3,,,,,0,,,,0,,,,,,,
55,The Compass School,S,Asian,2Race/Ethnicity,AS7,K8,0,8,6,,,,,,,6,,,,,,,1,,,,,4,,,4,,,0,,,,,,,,,,,,,,,,,3,,,15,,,,8,3,,,,,0,,,,0,,,,,,,
55,The Compass School,S,Black or African American,2Race/Ethnicity,BL7,K8,0,8,2,,,,,,,2,,,,,,,2,,,,,1,,,1,,,0,,,,,,,,,,,,,,,,,2,,,15,,,,3,3,,,,,0,,,,0,,,,,,,
55,The Compass School,S,Hispanic,2Race/Ethnicity,HI7,K8,0,8,21,86%,50,60,2,0.0,1,21,90%,35,52,2,0.0,1,10,90%,40,53,,14,0.86,,15,0.53,,2,,,,,,,,,,,,,,,,,18,11.1,,15,1,8.6,,32,2,3.1,3,,1,2,,,,3,5,,,,,,
55,The Compass School,S,Two or More Races,2Race/Ethnicity,MU7,K8,0,8,16,100%,38,56,,0.0,,16,100%,31,50,,6.3,,9,,,,,13,1.15,,13,1.31,,1,,,,,,,,,,,,,,,,,11,18.2,,15,1,7.1,,23,2,0.0,3,,,0,,,,1,3,,,,,,
55,The Compass School,S,Native Hawaiian or Other Pacific Islander,2Race/Ethnicity,PI7,K8,0,8,0,,,,,,,0,,,,,,,0,,,,,0,,,0,,,0,,,,,,,,,,,,,,,,,0,,,15,,,,0,3,,,,,0,,,,0,,,,,,,
55,The Compass School,S,White,2Race/Ethnicity,WH7,K8,0,8,271,98%,52,64,2,11.3,3,271,99%,52,66,2,8.6,2,97,100%,69,78,3,226,1.19,3,228,0.89,2,0,,,,,,,,,,,,,,,,,184,9.3,3,15,12,8.6,,184,1,1.1,3,,,3,7,5,,4,11,,,,,,
55,The Compass School,S,Economically Disadvantaged,3Program Status,FRL,K8,0,8,56,98%,29,47,2,0.0,1,56,96%,26,45,2,3.7,2,25,96%,38,53,2,46,1.09,2,45,0.91,2,2,,,,,,,,,,,,,,,,,54,16.6,2,15,4,8.2,,54,1,1.8,3,,,3,6,4,,4,8,,,,,,
55,The Compass School,S,Students with Disabilities,3Program Status,IEP,K8,0,8,74,92%,13,31,1,1.5,1,74,93%,11,30,1,1.4,1,22,95%,29,46,2,59,1.10,3,60,0.88,2,1,,,,,,,,,,,,,,,,,48,14.5,3,15,3,8.5,,48,1,0.0,3,,1,3,4,5,,4,8,,,,,,
55,The Compass School,S,English Learners,3Program Status,LEP,K8,0,8,4,,,,,,,4,,,,,,,2,,,,,4,,,4,,,,,,,,,,,,,,,,,,,,2,,,15,,,,4,3,,,,,0,,,,0,,,,,,,
58,Beacon Charter School,S,All Students,,All,712,6,12,378,99%,21,34,1,3.7,2,378,99%,7,23,1,1.1,1,184,99%,35,50,2,364,0.77,1,364,0.74,1,45,98%,45%,0.63,2,1,1,168,83%,60,80%,3,61,23,1,74,3,359,23.9,2,22,22,13.8,2,359,1,14.2,1,3,,3,4,2,4,5,8,Mid Level,Focus Area,Mid Level,Mid Level,Mid Level,Mid Level
58,Beacon Charter School,S,American Indian or Alaska Native,2Race/Ethnicity,AM7,712,6,12,0,,,,,,,0,,,,,,,0,,,,,0,,,0,,,0,,,,,1,,1,,1,,,0,,,,,1,,,22,,,,3,3,,,,,0,,,,0,,,,,,,
58,Beacon Charter School,S,Asian,2Race/Ethnicity,AS7,712,6,12,3,,,,,,,3,,,,,,,1,,,,,3,,,3,,,0,,,,,1,,1,,1,,,1,,,,,3,,,22,,,,10,3,0.0,,,,0,,,,0,,,,,,,
58,Beacon Charter School,S,Black or African American,2Race/Ethnicity,BL7,712,6,12,36,100%,11,28,1,2.8,2,36,100%,3,22,1,0.0,1,17,100%,29,37,,36,0.78,1,36,0.81,1,4,,,,,1,3,11,100%,11,100%,,9,,,,,26,3.8,3,22,1,12.0,2,26,1,0.0,3,,,2,,2,,5,11,,,,,,
58,Beacon Charter School,S,Hispanic,2Race/Ethnicity,HI7,712,6,12,136,99%,17,29,1,1.5,1,136,99%,5,17,1,0.7,1,62,98%,26,43,2,134,0.72,1,133,0.77,1,37,97%,44%,0.64,2,1,1,43,81%,26,77%,3,25,16,1,70,2,118,27.2,2,22,7,14.8,2,118,1,22.9,1,,,3,4,2,3,5,7,,,,,,
58,Beacon Charter School,S,Two or More Races,2Race/Ethnicity,MU7,712,6,12,40,100%,23,34,1,2.5,2,40,100%,5,21,1,0.0,1,16,100%,19,42,,38,0.63,1,38,0.63,1,0,,,,,1,3,15,80%,16,75%,,9,,,,,40,50.1,1,22,2,12.7,2,40,1,15.0,1,,,2,,2,,5,7,,,,,,
58,Beacon Charter School,S,Native Hawaiian or Other Pacific Islander,2Race/Ethnicity,PI7,712,6,12,2,,,,,,,2,,,,,,,1,,,,,2,,,1,,,0,,,,,1,,0,,0,,,0,,,,,1,,,22,,,,2,3,,,,,0,,,,0,,,,,,,
58,Beacon Charter School,S,White,2Race/Ethnicity,WH7,712,6,12,161,99%,26,40,2,6.3,2,161,99%,11,29,1,1.9,1,87,99%,43,58,2,151,0.84,1,153,0.73,1,4,,,,,1,1,97,81%,24,75%,3,25,28,1,81,3,171,19.3,2,22,11,13.8,2,171,1,10.5,1,,,3,5,2,4,5,8,,,,,,
58,Beacon Charter School,S,Economically Disadvantaged,3Program Status,FRL,712,6,12,237,99%,18,31,1,1.7,1,237,100%,5,20,1,0.0,1,111,100%,32,48,2,230,0.75,1,229,0.73,1,34,97%,48%,0.68,2,1,1,163,82%,57,79%,3,58,22,1,74,3,259,28.5,2,22,16,13.4,2,259,1,18.1,1,,,3,4,2,4,5,7,,,,,,
58,Beacon Charter School,S,Students with Disabilities,3Program Status,IEP,712,6,12,85,98%,1,8,1,0.0,1,85,98%,2,9,1,2.4,2,34,97%,3,19,1,81,0.69,1,81,0.68,1,13,100%,46%,0.65,,1,2,36,75%,23,57%,1,21,5,1,58,2,79,27.8,2,22,5,13.7,2,79,1,18.9,1,,,3,3,2,3,5,8,,,,,,
58,Beacon Charter School,S,English Learners,3Program Status,LEP,712,6,12,26,100%,8,13,1,0.0,1,26,100%,0,10,1,0.0,1,10,100%,10,27,,26,0.85,2,26,0.69,1,,,,,,1,,8,,8,,,7,,,,,24,8.2,3,22,2,12.5,2,24,1,4.1,3,,,2,,3,,5,10,,,,,,
59,Learning Community,S,All Students,,All,K8,0,8,750,99%,23,40,2,2.8,2,750,99%,21,38,1,1.9,1,242,99%,20,38,1,612,1.09,2,612,1.11,3,469,99%,55%,0.78,2,,,,,,,,,,,,,579,18.1,2,44,43,2.3,3,579,1,9.0,2,0,,3,4,5,,5,10,Mid Level,Strong,Mid Level,,,Mid Level
59,Learning Community,S,American Indian or Alaska Native,2Race/Ethnicity,AM7,K8,0,8,0,,,,,,,0,,,,,,,0,,,,,0,,,0,,,0,,,,,,,,,,,,,,,,,1,,,44,,,,1,3,,,,,0,,,,0,,,,,,,
59,Learning Community,S,Asian,2Race/Ethnicity,AS7,K8,0,8,5,,,,,,,5,,,,,,,2,,,,,5,,,5,,,1,,,,,,,,,,,,,,,,,2,,,44,,,,14,3,0.0,,,,0,,,,0,,,,,,,
59,Learning Community,S,Black or African American,2Race/Ethnicity,BL7,K8,0,8,100,99%,27,43,2,1.0,1,100,99%,20,39,1,4.0,2,31,97%,20,40,2,81,1.02,2,82,1.07,2,16,94%,50%,0.69,,,,,,,,,,,,,,82,4.9,3,44,6,2.9,3,82,1,11.0,1,,,3,5,4,,5,10,,,,,,
59,Learning Community,S,Hispanic,2Race/Ethnicity,HI7,K8,0,8,605,99%,21,38,1,2.7,2,605,99%,20,37,1,1.3,1,197,99%,18,36,1,494,1.10,3,495,1.11,3,452,99%,55%,0.79,2,,,,,,,,,,,,,464,20.9,2,44,35,2.3,3,464,1,8.8,2,,,3,3,6,,5,10,,,,,,
59,Learning Community,S,Two or More Races,2Race/Ethnicity,MU7,K8,0,8,4,,,,,,,4,,,,,,,0,,,,,2,,,2,,,0,,,,,,,,,,,,,,,,,5,,,44,,,,9,3,,,,,0,,,,0,,,,,,,
59,Learning Community,S,Native Hawaiian or Other Pacific Islander,2Race/Ethnicity,PI7,K8,0,8,0,,,,,,,0,,,,,,,0,,,,,0,,,0,,,0,,,,,,,,,,,,,,,,,0,,,44,,,,0,3,,,,,0,,,,0,,,,,,,
59,Learning Community,S,White,2Race/Ethnicity,WH7,K8,0,8,36,100%,39,53,2,11.1,3,36,97%,34,54,2,5.7,2,12,100%,42,58,,30,1.10,3,28,1.18,3,0,,,,,,,,,,,,,,,,,24,12.3,3,44,2,1.8,3,24,1,0.0,3,,,2,,6,,5,14,,,,,,
59,Learning Community,S,Economically Disadvantaged,3Program Status,FRL,K8,0,8,658,99%,22,38,1,2.0,2,658,99%,20,37,1,1.8,1,210,99%,15,34,1,533,1.06,2,532,1.11,3,427,99%,54%,0.77,2,,,,,,,,,,,,,531,19.0,2,44,39,2.5,3,531,1,8.8,2,,,3,3,5,,5,10,,,,,,
59,Learning Community,S,Students with Disabilities,3Program Status,IEP,K8,0,8,170,97%,7,19,1,0.6,1,170,98%,5,19,1,1.2,1,55,95%,4,16,1,138,1.09,2,138,0.99,2,141,98%,43%,0.70,2,,,,,,,,,,,,,111,25.1,2,44,13,1.9,3,111,1,17.9,1,,,3,3,4,,5,8,,,,,,
59,Learning Community,S,English Learners,3Program Status,LEP,K8,0,8,403,99%,15,33,1,1.3,1,403,99%,19,35,1,0.5,1,125,98%,14,32,1,321,1.17,3,323,1.12,3,,,,,,,,,,,,,,,,,,259,16.6,2,44,20,1.8,3,259,1,7.7,2,,,3,3,6,,5,9,,,,,,
60,MET Career and Tech,H,All Students,,All,,9,12,428,98%,37,46,2,4.8,2,428,98%,5,17,1,0.2,1,426,97%,14,36,1,407,0.90,2,407,0.82,1,224,99%,44%,0.63,2,1,1,621,97%,188,97%,5,188,17,1,97,3,817,30.2,1,60,60,5.0,3,817,1,1.0,3,2,,3,4,3,4,5,10,Mid Level,Mid Level,Mid Level,Strong,Mid Level,Mid Level
60,MET Career and Tech,H,American Indian or Alaska Native,2Race/Ethnicity,AM7,,9,12,5,,,,,,,5,,,,,,,5,,,,,3,,,3,,,0,,,,,1,,4,,4,,,3,,,,,6,,,60,,,,22,3,0.0,3,,,0,,,,1,3,,,,,,
60,MET Career and Tech,H,Asian,2Race/Ethnicity,AS7,,9,12,10,90%,40,47,,0.0,,10,90%,0,13,,0.0,,9,,,,,9,,,9,,,1,,,,,1,3,16,100%,16,100%,,10,40,,115,,14,28.0,,60,1,0.0,,31,2,13.1,1,,1,0,,,,1,1,,,,,,
60,MET Career and Tech,H,Black or African American,2Race/Ethnicity,BL7,,9,12,83,99%,40,46,2,2.4,2,83,99%,2,14,1,0.0,1,83,98%,14,35,1,81,0.90,2,81,0.86,2,20,100%,30%,0.54,1,1,1,112,93%,37,92%,4,37,11,1,92,3,142,24.7,2,60,10,5.2,3,142,1,0.0,3,,,3,4,4,4,5,11,,,,,,
60,MET Career and Tech,H,Hispanic,2Race/Ethnicity,HI7,,9,12,231,99%,29,40,2,1.7,1,231,99%,4,15,1,0.4,1,230,99%,9,32,1,224,0.86,2,224,0.85,2,188,98%,46%,0.64,2,1,1,344,99%,100,98%,5,99,12,1,101,3,455,32.1,1,60,33,5.7,3,455,1,0.7,3,,,3,4,4,4,5,9,,,,,,
60,MET Career and Tech,H,Two or More Races,2Race/Ethnicity,MU7,,9,12,4,,,,,,,4,,,,,,,4,,,,,4,,,4,,,0,,,,,1,,8,,8,,,1,,,,,7,,,60,,,,19,3,5.4,,,,0,,,,0,,,,,,,
60,MET Career and Tech,H,Native Hawaiian or Other Pacific Islander,2Race/Ethnicity,PI7,,9,12,1,,,,,,,1,,,,,,,1,,,,,1,,,1,,,0,,,,,1,,0,,0,,,0,,,,,1,,,60,,,,3,3,,,,,0,,,,0,,,,,,,
60,MET Career and Tech,H,White,2Race/Ethnicity,WH7,,9,12,94,96%,59,66,2,15.6,3,94,96%,10,24,1,0.0,1,94,94%,28,47,2,85,1.05,2,85,0.73,1,15,100%,33%,0.56,,1,1,137,96%,44,98%,5,45,31,1,93,3,192,29.7,2,60,14,3.7,3,192,1,1.0,3,,1,3,5,3,4,5,12,,,,,,
60,MET Career and Tech,H,Economically Disadvantaged,3Program Status,FRL,,9,12,301,98%,30,39,1,2.4,2,301,98%,3,14,1,0.3,1,299,97%,8,31,1,289,0.86,2,289,0.84,1,198,98%,43%,0.62,2,1,1,540,97%,164,97%,5,163,13,1,99,3,626,32.9,1,60,46,5.1,3,626,1,1.0,3,,,3,3,3,4,5,10,,,,,,
60,MET Career and Tech,H,Students with Disabilities,3Program Status,IEP,,9,12,51,96%,14,18,1,0.0,1,51,96%,0,1,1,0.0,1,50,98%,4,26,1,47,0.81,1,47,0.60,1,30,100%,37%,0.52,1,1,1,74,95%,25,96%,5,24,4,1,75,3,120,33.5,1,60,9,3.7,3,120,1,2.5,3,,,3,3,2,4,5,9,,,,,,
60,MET Career and Tech,H,English Learners,3Program Status,LEP,,9,12,68,100%,12,21,1,0.0,1,68,100%,3,9,1,0.0,1,68,100%,1,25,1,67,0.78,1,67,0.76,1,,,,,,1,1,73,97%,30,97%,5,29,3,1,101,3,129,28.6,2,60,9,6.0,3,129,1,0.0,3,,,3,3,2,4,5,10,,,,,,
61,Trinity Academy for the Performing Arts,S,All Students,,All,712,5,12,235,98%,23,34,1,0.4,1,233,98%,9,23,1,0.4,1,160,93%,13,29,1,203,0.86,2,201,0.93,2,113,97%,24%,0.39,1,1,1,75,97%,27,93%,4,27,7,1,53,2,239,20.5,2,30,29,4.6,3,239,1,14.6,1,0,1,3,3,4,3,5,8,Focus Area,Mid Level,Focus Area,Strong,Mid Level,Mid Level
61,Trinity Academy for the Performing Arts,S,American Indian or Alaska Native,2Race/Ethnicity,AM7,712,5,12,4,,,,,,,4,,,,,,,2,,,,,2,,,2,,,0,,,,,1,,0,,0,,,0,,,,,2,,,30,,,,5,3,,,,,0,,,,0,,,,,,,
61,Trinity Academy for the Performing Arts,S,Asian,2Race/Ethnicity,AS7,712,5,12,3,,,,,,,3,,,,,,,3,,,,,3,,,3,,,1,,,,,1,,0,,0,,,0,,,,,0,,,30,,,,6,3,,,,,0,,,,0,,,,,,,
61,Trinity Academy for the Performing Arts,S,Black or African American,2Race/Ethnicity,BL7,712,5,12,38,100%,21,34,1,0.0,1,37,97%,3,19,1,0.0,1,24,100%,4,25,1,35,1.00,2,33,0.82,1,4,,,,,1,3,13,92%,13,92%,,9,,,,,32,15.5,2,30,4,3.9,3,32,1,18.6,1,,,3,3,3,,5,8,,,,,,
61,Trinity Academy for the Performing Arts,S,Hispanic,2Race/Ethnicity,HI7,712,5,12,169,98%,20,32,1,0.0,1,169,98%,8,22,1,0.0,1,117,90%,9,25,1,149,0.84,1,150,0.92,2,105,97%,24%,0.40,1,1,1,52,98%,20,95%,5,21,5,1,57,2,185,22.1,2,30,23,4.7,3,185,1,14.6,1,,1,3,3,3,3,5,8,,,,,,
61,Trinity Academy for the Performing Arts,S,Two or More Races,2Race/Ethnicity,MU7,712,5,12,9,,,,,,,9,,,,,,,7,,,,,7,,,6,,,2,,,,,1,,1,,1,,,1,,,,,9,,,30,,,,15,3,0.0,,,,0,,,,0,,,,,,,
61,Trinity Academy for the Performing Arts,S,Native Hawaiian or Other Pacific Islander,2Race/Ethnicity,PI7,712,5,12,1,,,,,,,1,,,,,,,1,,,,,1,,,1,,,1,,,,,1,,0,,0,,,0,,,,,1,,,30,,,,1,3,,,,,0,,,,0,,,,,,,
61,Trinity Academy for the Performing Arts,S,White,2Race/Ethnicity,WH7,712,5,12,11,91%,36,55,,10.0,,10,100%,30,47,,0.0,,6,,,,,6,,,6,,,0,,,,,1,,9,,9,,,5,,,,,9,,,30,,,,22,2,9.2,2,,1,0,,,,1,2,,,,,,
61,Trinity Academy for the Performing Arts,S,Economically Disadvantaged,3Program Status,FRL,712,5,12,201,98%,21,32,1,0.5,1,199,98%,8,22,1,0.5,1,136,93%,12,27,1,177,0.85,2,175,0.93,2,105,98%,23%,0.40,1,1,1,74,97%,27,93%,4,27,7,1,53,2,207,21.2,2,30,25,4.6,3,207,1,14.5,1,,1,3,3,4,3,5,8,,,,,,
61,Trinity Academy for the Performing Arts,S,Students with Disabilities,3Program Status,IEP,712,5,12,43,100%,12,17,1,0.0,1,43,98%,2,10,1,0.0,1,28,82%,0,12,1,33,0.91,2,33,0.67,1,25,96%,33%,0.44,1,1,3,11,91%,11,82%,,5,,,,,38,20.8,2,30,6,3.4,3,38,1,28.6,1,,1,3,3,3,,5,8,,,,,,
61,Trinity Academy for the Performing Arts,S,English Learners,3Program Status,LEP,712,5,12,76,99%,4,12,1,0.0,1,76,99%,3,13,1,0.0,1,47,91%,2,16,1,63,0.75,1,64,0.97,2,,,,,,1,,8,,8,,,4,,,,,87,23.0,2,30,11,3.8,3,87,1,21.9,1,,1,3,3,3,,5,8,,,,,,
62,The Greene School,H,All Students,,All,,9,12,92,96%,73,77,3,10.2,3,92,96%,27,41,2,1.1,1,91,90%,52,64,2,83,1.02,2,83,1.07,2,14,86%,21%,0.39,,1,1,143,98%,55,96%,5,55,25,1,62,2,189,5.3,3,14,14,7.1,,189,1,2.1,3,0,1,3,7,4,3,4,10,Mid Level,Mid Level,,Strong,Mid Level,Strong
62,The Greene School,H,American Indian or Alaska Native,2Race/Ethnicity,AM7,,9,12,0,,,,,,,0,,,,,,,0,,,,,0,,,0,,,0,,,,,1,,0,,0,,,0,,,,,0,,,14,,,,4,3,,,,,0,,,,0,,,,,,,
62,The Greene School,H,Asian,2Race/Ethnicity,AS7,,9,12,0,,,,,,,0,,,,,,,0,,,,,0,,,0,,,0,,,,,1,,1,,1,,,0,,,,,0,,,14,,,,0,3,,,,,0,,,,0,,,,,,,
62,The Greene School,H,Black or African American,2Race/Ethnicity,BL7,,9,12,9,,,,,,,9,,,,,,,9,,,,,9,,,9,,,0,,,,,1,3,14,100%,14,100%,,10,20,,68,,19,10.4,,14,1,6.2,,38,2,13.0,1,,,0,,,,1,1,,,,,,
62,The Greene School,H,Hispanic,2Race/Ethnicity,HI7,,9,12,21,95%,45,50,2,0.0,1,21,95%,15,23,1,0.0,1,21,90%,25,43,2,18,1.00,,18,0.94,,13,92%,23%,0.42,,1,2,47,98%,33,97%,5,32,19,1,63,2,49,12.3,3,14,4,9.1,,49,1,0.0,3,,1,3,5,,3,4,8,,,,,,
62,The Greene School,H,Two or More Races,2Race/Ethnicity,MU7,,9,12,2,,,,,,,2,,,,,,,2,,,,,2,,,2,,,0,,,,,1,,2,,2,,,1,,,,,4,,,14,,,,11,3,0.0,,,,0,,,,0,,,,,,,
62,The Greene School,H,Native Hawaiian or Other Pacific Islander,2Race/Ethnicity,PI7,,9,12,0,,,,,,,0,,,,,,,0,,,,,0,,,0,,,0,,,,,1,,0,,0,,,0,,,,,0,,,14,,,,0,3,,,,,0,,,,0,,,,,,,
62,The Greene School,H,White,2Race/Ethnicity,WH7,,9,12,60,95%,79,82,4,14.0,3,60,95%,28,43,2,1.8,1,59,88%,56,66,2,54,1.13,3,54,1.19,3,1,,,,,1,1,79,97%,35,97%,5,36,31,1,55,2,117,1.7,3,14,9,6.5,,117,1,1.7,3,,1,3,8,6,3,4,10,,,,,,
62,The Greene School,H,Economically Disadvantaged,3Program Status,FRL,,9,12,36,94%,54,60,2,11.8,3,36,94%,17,27,1,0.0,1,35,94%,38,53,2,31,1.03,2,31,0.97,2,11,91%,27%,0.46,,1,1,81,98%,33,94%,4,33,15,1,58,2,94,9.6,3,14,7,7.6,,94,1,3.2,3,,1,3,5,4,3,4,10,,,,,,
62,The Greene School,H,Students with Disabilities,3Program Status,IEP,,9,12,13,92%,31,33,,8.3,,13,92%,15,21,,0.0,,13,85%,15,36,,9,,,9,,,5,,,,,1,2,45,98%,33,97%,5,32,3,1,23,1,31,3.3,3,14,2,7.2,,31,1,0.0,3,,1,0,,,2,2,6,,,,,,
62,The Greene School,H,English Learners,3Program Status,LEP,,9,12,2,,,,,,,2,,,,,,,2,,,,,1,,,1,,,,,,,,1,,7,,7,,,5,,,,,10,,,14,,,,20,3,0.0,3,,,0,,,,1,3,,,,,,
63,Rhode Island Nurses Institute Middle College,H,All Students,,All,,9,12,207,98%,27,36,1,2.5,2,207,98%,4,16,1,0.0,1,207,98%,15,38,1,181,0.99,2,180,0.91,2,204,95%,28%,0.50,1,1,1,160,84%,68,76%,3,63,16,1,110,3,473,33.8,1,40,38,3.3,3,473,1,5.5,2,1,,3,3,4,4,5,9,Focus Area,Mid Level,Focus Area,Mid Level,Mid Level,Mid Level
63,Rhode Island Nurses Institute Middle College,H,American Indian or Alaska Native,2Race/Ethnicity,AM7,,9,12,4,,,,,,,4,,,,,,,4,,,,,4,,,4,,,0,,,,,1,,2,,2,,,1,,,,,6,,,40,,,,17,3,17.8,,,,0,,,,0,,,,,,,
63,Rhode Island Nurses Institute Middle College,H,Asian,2Race/Ethnicity,AS7,,9,12,2,,,,,,,2,,,,,,,2,,,,,1,,,1,,,1,,,,,1,,1,,1,,,0,,,,,7,,,40,,,,14,3,0.0,,,,0,,,,0,,,,,,,
63,Rhode Island Nurses Institute Middle College,H,Black or African American,2Race/Ethnicity,BL7,,9,12,52,98%,31,39,1,0.0,1,52,98%,2,13,1,0.0,1,52,98%,18,39,1,47,0.96,2,47,0.72,1,38,97%,30%,0.53,1,1,2,41,90%,26,73%,4,24,38,2,110,3,100,25.0,2,40,7,1.8,3,100,1,4.0,3,,,3,3,3,5,5,10,,,,,,
63,Rhode Island Nurses Institute Middle College,H,Hispanic,2Race/Ethnicity,HI7,,9,12,133,97%,23,34,1,2.3,2,133,97%,5,16,1,0.0,1,133,98%,13,38,1,114,1.00,2,113,0.95,2,165,95%,27%,0.48,1,1,1,108,83%,47,77%,3,42,7,1,114,3,320,35.0,1,40,26,4.1,3,320,1,5.6,2,,,3,3,4,4,5,9,,,,,,
63,Rhode Island Nurses Institute Middle College,H,Two or More Races,2Race/Ethnicity,MU7,,9,12,5,,,,,,,5,,,,,,,5,,,,,5,,,5,,,0,,,,,1,,1,,1,,,1,,,,,21,33.5,1,40,2,1.7,3,21,1,0.0,3,,,0,,,,3,7,,,,,,
63,Rhode Island Nurses Institute Middle College,H,Native Hawaiian or Other Pacific Islander,2Race/Ethnicity,PI7,,9,12,1,,,,,,,1,,,,,,,1,,,,,1,,,1,,,0,,,,,1,,0,,0,,,0,,,,,1,,,40,,,,4,3,,,,,0,,,,0,,,,,,,
63,Rhode Island Nurses Institute Middle College,H,White,2Race/Ethnicity,WH7,,9,12,10,100%,40,50,,20.0,,10,100%,0,17,,0.0,,10,100%,10,37,,9,,,9,,,0,,,,,1,,7,,7,,,5,,,,,19,61.6,,40,1,0.5,,38,2,2.6,3,,,0,,,,1,3,,,,,,
63,Rhode Island Nurses Institute Middle College,H,Economically Disadvantaged,3Program Status,FRL,,9,12,168,98%,23,33,1,1.2,1,168,98%,4,15,1,0.0,1,168,98%,14,37,1,143,0.97,2,142,0.93,2,174,94%,25%,0.47,1,1,1,153,85%,66,77%,3,61,16,1,112,3,387,34.4,1,40,31,3.9,3,387,1,5.9,2,,,3,3,4,4,5,8,,,,,,
63,Rhode Island Nurses Institute Middle College,H,Students with Disabilities,3Program Status,IEP,,9,12,10,100%,10,23,,0.0,,10,100%,0,3,,0.0,,10,100%,0,20,,9,,,9,,,16,94%,31%,0.41,,1,3,11,82%,11,82%,,7,,,,,25,28.4,2,40,2,1.2,3,25,1,8.1,2,,,0,,,,3,7,,,,,,
63,Rhode Island Nurses Institute Middle College,H,English Learners,3Program Status,LEP,,9,12,57,100%,7,15,1,1.8,1,57,100%,0,4,1,0.0,1,57,100%,2,27,1,50,0.84,1,50,0.72,1,,,,,,1,2,31,74%,24,75%,2,19,0,,118,,123,25.1,2,40,11,9.3,3,123,1,1.6,3,,,3,3,2,,5,10,,,,,,
64,Village Green Virtual,H,All Students,,All,,9,12,98,98%,19,29,1,1.0,1,98,98%,1,9,1,0.0,1,98,97%,2,25,1,90,0.83,1,90,0.59,1,53,98%,54%,0.71,2,1,1,168,98%,57,96%,5,58,7,1,97,3,204,15.2,2,13,10,8.7,,204,1,2.9,3,2,,3,3,2,4,4,7,Focus Area,Focus Area,Mid Level,Strong,Mid Level,Mid Level
64,Village Green Virtual,H,American Indian or Alaska Native,2Race/Ethnicity,AM7,,9,12,1,,,,,,,1,,,,,,,1,,,,,1,,,1,,,0,,,,,1,,0,,0,,,0,,,,,3,,,13,,,,4,3,,,,,0,,,,0,,,,,,,
64,Village Green Virtual,H,Asian,2Race/Ethnicity,AS7,,9,12,0,,,,,,,0,,,,,,,0,,,,,0,,,0,,,0,,,,,1,,0,,0,,,0,,,,,0,,,13,,,,0,3,,,,,0,,,,0,,,,,,,
64,Village Green Virtual,H,Black or African American,2Race/Ethnicity,BL7,,9,12,27,100%,11,22,1,0.0,1,27,100%,0,6,1,0.0,1,27,100%,4,23,1,27,0.74,1,27,0.59,1,2,,,,,1,2,49,100%,30,100%,5,31,3,1,84,3,52,13.5,3,13,2,9.0,,52,1,1.9,3,,,3,3,2,4,4,8,,,,,,
64,Village Green Virtual,H,Hispanic,2Race/Ethnicity,HI7,,9,12,59,97%,19,30,1,1.8,1,59,97%,0,9,1,0.0,1,59,95%,2,27,1,52,0.92,2,52,0.62,1,51,98%,54%,0.70,2,1,1,108,98%,36,97%,5,37,5,1,101,3,126,15.8,2,13,7,8.8,,126,1,3.2,3,,,3,3,3,4,4,7,,,,,,
64,Village Green Virtual,H,Two or More Races,2Race/Ethnicity,MU7,,9,12,7,,,,,,,7,,,,,,,7,,,,,6,,,6,,,0,,,,,1,,3,,3,,,1,,,,,14,14.6,,13,1,6.3,,26,2,3.8,3,,,0,,,,1,3,,,,,,
64,Village Green Virtual,H,Native Hawaiian or Other Pacific Islander,2Race/Ethnicity,PI7,,9,12,0,,,,,,,0,,,,,,,0,,,,,0,,,0,,,0,,,,,1,,0,,0,,,0,,,,,0,,,13,,,,0,3,,,,,0,,,,0,,,,,,,
64,Village Green Virtual,H,White,2Race/Ethnicity,WH7,,9,12,4,,,,,,,4,,,,,,,4,,,,,4,,,4,,,0,,,,,1,,8,,8,,,2,,,,,10,,,13,,,,20,3,0.0,3,,,0,,,,1,3,,,,,,
64,Village Green Virtual,H,Economically Disadvantaged,3Program Status,FRL,,9,12,89,98%,16,27,1,1.1,1,89,98%,0,8,1,0.0,1,89,97%,2,26,1,82,0.84,1,82,0.60,1,52,98%,55%,0.72,2,1,1,158,99%,53,98%,5,54,6,1,100,3,189,16.4,2,13,10,8.8,,189,1,3.2,3,,,3,3,2,4,4,7,,,,,,
64,Village Green Virtual,H,Students with Disabilities,3Program Status,IEP,,9,12,19,100%,11,16,,5.3,,19,100%,0,2,,0.0,,19,95%,0,15,,17,0.65,,17,0.65,,12,92%,42%,0.59,,1,3,20,95%,19,95%,,16,6,,58,,38,15.8,2,13,2,10.0,,38,1,2.6,3,,,0,,,,2,5,,,,,,
64,Village Green Virtual,H,English Learners,3Program Status,LEP,,9,12,11,100%,9,15,,0.0,,11,100%,0,3,,0.0,,11,91%,0,24,,9,,,9,,,,,,,,1,3,15,100%,15,100%,,12,0,,58,,27,22.1,2,13,2,11.7,,27,1,0.0,3,,1,0,,,,2,5,,,,,,
68,The Hope Academy,S,All Students,,All,K8,0,8,419,100%,17,33,1,1.0,1,417,100%,14,32,1,0.5,1,136,100%,17,34,1,339,1.06,2,340,1.11,3,157,99%,44%,0.69,2,,,,,,,,,,,,,321,18.1,2,24,23,0.0,3,321,1,13.7,1,0,,3,3,5,,5,8,Focus Area,Strong,Mid Level,,,Mid Level
68,The Hope Academy,S,American Indian or Alaska Native,2Race/Ethnicity,AM7,K8,0,8,6,,,,,,,6,,,,,,,4,,,,,6,,,6,,,2,,,,,,,,,,,,,,,,,3,,,24,,,,12,3,41.7,,,,0,,,,0,,,,,,,
68,The Hope Academy,S,Asian,2Race/Ethnicity,AS7,K8,0,8,7,,,,,,,7,,,,,,,1,,,,,5,,,5,,,1,,,,,,,,,,,,,,,,,5,,,24,,,,13,3,0.0,,,,0,,,,0,,,,,,,
68,The Hope Academy,S,Black or African American,2Race/Ethnicity,BL7,K8,0,8,79,99%,10,22,1,0.0,1,77,99%,14,32,1,1.3,1,25,100%,8,24,1,65,0.95,2,64,1.25,3,4,,,,,,,,,,,,,,,,,57,12.3,3,24,4,0.0,3,57,1,33.4,1,,,3,3,5,,5,9,,,,,,
68,The Hope Academy,S,Hispanic,2Race/Ethnicity,HI7,K8,0,8,280,100%,11,30,1,0.0,1,280,100%,10,28,1,0.0,1,86,100%,9,29,1,220,1.06,2,222,1.01,2,146,99%,43%,0.69,2,,,,,,,,,,,,,229,20.6,2,24,16,0.0,3,229,1,10.1,1,,,3,3,4,,5,8,,,,,,
68,The Hope Academy,S,Two or More Races,2Race/Ethnicity,MU7,K8,0,8,13,100%,46,59,,0.0,,13,100%,15,44,,0.0,,5,,,,,11,1.27,,11,1.09,,4,,,,,,,,,,,,,,,,,5,,,24,,,,22,3,22.8,1,,,0,,,,1,1,,,,,,
68,The Hope Academy,S,Native Hawaiian or Other Pacific Islander,2Race/Ethnicity,PI7,K8,0,8,0,,,,,,,0,,,,,,,0,,,,,0,,,0,,,0,,,,,,,,,,,,,,,,,0,,,24,,,,0,3,,,,,0,,,,0,,,,,,,
68,The Hope Academy,S,White,2Race/Ethnicity,WH7,K8,0,8,34,100%,59,70,3,11.8,3,34,100%,41,60,2,0.0,1,15,100%,60,69,,32,1.31,3,32,1.41,3,0,,,,,,,,,,,,,,,,,22,13.6,3,24,2,0.0,3,22,1,0.0,3,,,2,,6,,5,13,,,,,,
68,The Hope Academy,S,Economically Disadvantaged,3Program Status,FRL,K8,0,8,286,99%,13,30,1,1.1,1,284,100%,10,27,1,0.7,1,91,100%,13,29,1,231,1.05,2,232,1.09,2,129,99%,39%,0.65,2,,,,,,,,,,,,,251,21.9,2,24,18,0.0,3,251,1,15.2,1,,,3,3,4,,5,8,,,,,,
68,The Hope Academy,S,Students with Disabilities,3Program Status,IEP,K8,0,8,87,98%,4,15,1,0.0,1,86,99%,5,15,1,0.0,1,26,100%,4,19,1,60,1.18,3,62,1.10,3,46,98%,42%,0.65,2,,,,,,,,,,,,,66,27.2,2,24,4,0.0,3,66,1,15.1,1,,,3,3,6,,5,8,,,,,,
68,The Hope Academy,S,English Learners,3Program Status,LEP,K8,0,8,132,100%,6,22,1,0.0,1,132,100%,10,26,1,0.0,1,36,100%,8,22,1,102,0.94,2,102,0.96,2,,,,,,,,,,,,,,,,,,88,21.5,2,24,6,0.0,3,88,1,10.2,1,,,3,3,4,,5,8,,,,,,
69,Nuestro Mundo Public Charter,S,All Students,,All,K8,0,8,269,100%,20,37,1,1.1,1,268,100%,17,34,1,0.7,1,57,98%,4,21,1,176,1.27,3,177,1.13,3,185,100%,44%,0.68,2,,,,,,,,,,,,,289,28.7,2,18,17,9.9,,289,1,0.3,3,1,,3,3,6,,4,7,Focus Area,Strong,Mid Level,,,Mid Level
69,Nuestro Mundo Public Charter,S,American Indian or Alaska Native,2Race/Ethnicity,AM7,K8,0,8,0,,,,,,,0,,,,,,,0,,,,,0,,,0,,,2,,,,,,,,,,,,,,,,,1,,,18,,,,4,3,,,,,0,,,,0,,,,,,,
69,Nuestro Mundo Public Charter,S,Asian,2Race/Ethnicity,AS7,K8,0,8,0,,,,,,,0,,,,,,,0,,,,,0,,,0,,,0,,,,,,,,,,,,,,,,,0,,,18,,,,0,3,,,,,0,,,,0,,,,,,,
69,Nuestro Mundo Public Charter,S,Black or African American,2Race/Ethnicity,BL7,K8,0,8,7,,,,,,,7,,,,,,,0,,,,,2,,,2,,,0,,,,,,,,,,,,,,,,,5,,,18,,,,20,3,45.2,,,,0,,,,0,,,,,,,
69,Nuestro Mundo Public Charter,S,Hispanic,2Race/Ethnicity,HI7,K8,0,8,238,100%,19,36,1,1.3,1,237,100%,17,34,1,0.8,1,53,98%,4,21,1,162,1.27,3,163,1.12,3,170,100%,44%,0.68,2,,,,,,,,,,,,,258,29.8,2,18,15,10.2,,258,1,0.4,3,,,3,3,6,,4,7,,,,,,
69,Nuestro Mundo Public Charter,S,Two or More Races,2Race/Ethnicity,MU7,K8,0,8,3,,,,,,,3,,,,,,,0,,,,,2,,,2,,,0,,,,,,,,,,,,,,,,,5,,,18,,,,7,3,,,,,0,,,,0,,,,,,,
69,Nuestro Mundo Public Charter,S,Native Hawaiian or Other Pacific Islander,2Race/Ethnicity,PI7,K8,0,8,0,,,,,,,0,,,,,,,0,,,,,0,,,0,,,0,,,,,,,,,,,,,,,,,0,,,18,,,,0,3,,,,,0,,,,0,,,,,,,
69,Nuestro Mundo Public Charter,S,White,2Race/Ethnicity,WH7,K8,0,8,21,100%,33,46,2,0.0,1,21,100%,24,38,1,0.0,1,4,,,,,10,1.00,,10,1.20,,13,100%,38%,0.60,,,,,,,,,,,,,,20,15.1,,18,1,8.4,,46,2,0.0,3,,,2,,,,3,5,,,,,,
69,Nuestro Mundo Public Charter,S,Economically Disadvantaged,3Program Status,FRL,K8,0,8,223,100%,17,35,1,1.3,1,222,100%,15,32,1,0.5,1,44,98%,5,21,1,154,1.25,3,155,1.10,3,157,100%,43%,0.69,2,,,,,,,,,,,,,256,30.9,1,18,15,9.9,,256,1,0.4,3,,,3,3,6,,4,6,,,,,,
69,Nuestro Mundo Public Charter,S,Students with Disabilities,3Program Status,IEP,K8,0,8,36,100%,6,15,1,0.0,1,36,100%,3,12,1,2.8,2,8,,,,,19,0.74,,19,0.95,,28,100%,43%,0.58,1,,,,,,,,,,,,,33,30.3,1,18,2,12.0,,33,1,3.0,3,,,2,,,,4,7,,,,,,
69,Nuestro Mundo Public Charter,S,English Learners,3Program Status,LEP,K8,0,8,118,100%,12,26,1,1.7,1,117,100%,13,28,1,1.7,1,21,100%,0,11,1,76,1.24,3,77,1.16,3,,,,,,,,,,,,,,,,,,139,33.2,1,18,8,11.1,,139,1,0.7,3,,,3,3,6,,4,6,,,,,,
79,RISE Prep Academy,S,All Students,,All,K8,0,9,629,100%,26,43,2,2.9,2,629,100%,25,44,2,1.6,1,203,100%,28,44,2,492,0.75,1,494,0.87,2,81,100%,51%,0.76,2,,,,,,,,,,,,,631,21.4,2,32,28,3.4,3,631,1,10.6,1,3,,3,6,3,,5,9,Mid Level,Mid Level,Mid Level,,,Mid Level
79,RISE Prep Academy,S,American Indian or Alaska Native,2Race/Ethnicity,AM7,K8,0,9,2,,,,,,,2,,,,,,,1,,,,,2,,,2,,,0,,,,,,,,,,,,,,,,,5,,,32,,,,8,3,,,,,0,,,,0,,,,,,,
79,RISE Prep Academy,S,Asian,2Race/Ethnicity,AS7,K8,0,9,27,100%,52,65,2,0.0,1,27,100%,48,65,2,11.1,3,8,,,,,23,1.09,2,23,1.35,3,6,,,,,,,,,,,,,,,,,35,20.0,2,32,2,3.5,3,35,1,11.5,1,,,2,,5,,5,10,,,,,,
79,RISE Prep Academy,S,Black or African American,2Race/Ethnicity,BL7,K8,0,9,20,100%,20,33,1,0.0,1,20,100%,10,30,1,0.0,1,8,,,,,11,0.55,,16,1.06,,5,,,,,,,,,,,,,,,,,43,23.2,2,32,2,3.6,3,43,1,4.6,3,,,2,,,,5,10,,,,,,
79,RISE Prep Academy,S,Hispanic,2Race/Ethnicity,HI7,K8,0,9,177,100%,20,36,1,2.3,2,177,100%,18,39,1,0.0,1,56,100%,18,36,1,141,0.71,1,141,0.91,2,57,100%,51%,0.75,2,,,,,,,,,,,,,215,27.0,2,32,10,3.5,3,215,1,18.6,1,,,3,3,3,,5,9,,,,,,
79,RISE Prep Academy,S,Two or More Races,2Race/Ethnicity,MU7,K8,0,9,103,100%,23,40,2,1.0,1,103,100%,19,39,1,1.0,1,31,100%,23,39,1,81,0.77,1,81,0.78,1,7,,,,,,,,,,,,,,,,,94,17.1,2,32,4,3.3,3,94,1,8.5,2,,,3,4,2,,5,9,,,,,,
79,RISE Prep Academy,S,Native Hawaiian or Other Pacific Islander,2Race/Ethnicity,PI7,K8,0,9,0,,,,,,,0,,,,,,,0,,,,,0,,,0,,,0,,,,,,,,,,,,,,,,,0,,,32,,,,0,3,,,,,0,,,,0,,,,,,,
79,RISE Prep Academy,S,White,2Race/Ethnicity,WH7,K8,0,9,300,100%,29,46,2,4.3,2,300,99%,31,49,2,2.0,2,99,100%,34,48,2,234,0.76,1,231,0.84,1,6,,,,,,,,,,,,,,,,,240,17.9,2,32,10,3.3,3,240,1,5.4,2,,,3,6,2,,5,11,,,,,,
79,RISE Prep Academy,S,Economically Disadvantaged,3Program Status,FRL,K8,0,9,409,100%,19,36,1,1.7,1,409,99%,19,39,1,0.7,1,127,100%,21,37,1,321,0.68,1,323,0.82,1,68,100%,47%,0.73,2,,,,,,,,,,,,,447,25.9,2,32,21,3.4,3,447,1,12.3,1,,,3,3,2,,5,8,,,,,,
79,RISE Prep Academy,S,Students with Disabilities,3Program Status,IEP,K8,0,9,81,100%,6,17,1,0.0,1,81,100%,6,21,1,0.0,1,29,100%,7,20,1,64,0.70,1,64,0.78,1,19,100%,32%,0.67,,,,,,,,,,,,,,114,24.6,2,32,5,3.6,3,114,1,23.7,1,,,3,3,2,,5,8,,,,,,
79,RISE Prep Academy,S,English Learners,3Program Status,LEP,K8,0,9,62,100%,15,28,1,0.0,1,62,100%,16,36,1,3.2,2,18,100%,17,30,,44,0.86,2,46,0.91,2,,,,,,,,,,,,,,,,,,65,16.8,2,32,3,3.0,3,65,1,15.3,1,,,2,,4,,5,9,,,,,,
81,Charette Charter,H,All Students,,All,,9,12,78,100%,19,26,1,1.3,1,78,100%,1,6,1,0.0,1,77,100%,4,29,1,75,0.96,2,75,0.63,1,71,100%,52%,0.71,2,1,1,116,92%,38,97%,5,40,8,1,18,1,163,45.5,1,7,,,,163,1,10.4,1,0,,3,3,3,2,4,4,Focus Area,Mid Level,Mid Level,Strong,Focus Area,Focus Area
81,Charette Charter,H,American Indian or Alaska Native,2Race/Ethnicity,AM7,,9,12,0,,,,,,,0,,,,,,,0,,,,,0,,,0,,,0,,,,,1,,0,,0,,,0,,,,,0,,,7,,,,0,3,,,,,0,,,,0,,,,,,,
81,Charette Charter,H,Asian,2Race/Ethnicity,AS7,,9,12,0,,,,,,,0,,,,,,,0,,,,,0,,,0,,,0,,,,,1,,0,,0,,,0,,,,,2,,,7,,,,4,3,,,,,0,,,,0,,,,,,,
81,Charette Charter,H,Black or African American,2Race/Ethnicity,BL7,,9,12,25,100%,12,21,1,0.0,1,25,100%,0,3,1,0.0,1,25,100%,0,27,1,22,1.05,2,22,0.41,1,5,,,,,1,3,33,91%,32,88%,4,20,0,1,6,1,52,51.6,1,7,,,,52,1,15.3,1,,,3,3,3,2,4,4,,,,,,
81,Charette Charter,H,Hispanic,2Race/Ethnicity,HI7,,9,12,52,100%,23,28,1,1.9,1,52,100%,2,8,1,0.0,1,51,100%,6,29,1,52,0.90,2,52,0.73,1,66,100%,53%,0.72,2,1,1,81,93%,28,100%,5,30,10,1,20,1,105,40.8,1,7,,,,105,1,8.5,2,,,3,3,3,2,4,5,,,,,,
81,Charette Charter,H,Two or More Races,2Race/Ethnicity,MU7,,9,12,0,,,,,,,0,,,,,,,0,,,,,0,,,0,,,0,,,,,1,,2,,2,,,1,,,,,2,,,7,,,,4,3,,,,,0,,,,0,,,,,,,
81,Charette Charter,H,Native Hawaiian or Other Pacific Islander,2Race/Ethnicity,PI7,,9,12,0,,,,,,,0,,,,,,,0,,,,,0,,,0,,,0,,,,,1,,0,,0,,,0,,,,,0,,,7,,,,0,3,,,,,0,,,,0,,,,,,,
81,Charette Charter,H,White,2Race/Ethnicity,WH7,,9,12,1,,,,,,,1,,,,,,,1,,,,,1,,,1,,,0,,,,,1,,0,,0,,,0,,,,,1,,,7,,,,3,3,,,,,0,,,,0,,,,,,,
81,Charette Charter,H,Economically Disadvantaged,3Program Status,FRL,,9,12,71,100%,17,23,1,1.4,1,71,100%,1,5,1,0.0,1,70,100%,1,27,1,68,0.94,2,68,0.62,1,69,100%,51%,0.69,2,1,1,114,92%,37,97%,5,39,8,1,19,1,150,47.5,1,7,,,,150,1,10.7,1,,,3,3,3,2,4,4,,,,,,
81,Charette Charter,H,Students with Disabilities,3Program Status,IEP,,9,12,7,,,,,,,7,,,,,,,7,,,,,6,,,6,,,7,,,,,1,3,10,80%,10,80%,,5,,,,,18,33.2,,7,,,,34,2,11.8,1,,,0,,,,1,1,,,,,,
81,Charette Charter,H,English Learners,3Program Status,LEP,,9,12,15,100%,7,9,,0.0,,15,100%,0,2,,0.0,,14,100%,7,29,,15,1.07,,15,0.60,,,,,,,1,3,22,95%,22,91%,4,19,0,,11,,39,27.9,2,7,,,,39,1,10.1,1,,,0,,,,2,3,,,,,,
83,Providence Preparatory Charter,M,All Students,,All,,5,8,444,100%,15,31,1,0.2,1,443,100%,14,34,1,0.5,1,201,100%,15,29,1,431,0.78,1,423,0.75,1,85,100%,44%,0.59,1,,,,,,,,,,,,,245,26.2,2,14,14,14.3,,245,1,24.9,1,4,,3,3,2,,4,5,Focus Area,Focus Area,Focus Area,,,Focus Area
83,Providence Preparatory Charter,M,American Indian or Alaska Native,2Race/Ethnicity,AM7,,5,8,7,,,,,,,7,,,,,,,1,,,,,5,,,5,,,0,,,,,,,,,,,,,,,,,5,,,14,,,,9,3,,,,,0,,,,0,,,,,,,
83,Providence Preparatory Charter,M,Asian,2Race/Ethnicity,AS7,,5,8,9,,,,,,,9,,,,,,,4,,,,,9,,,7,,,4,,,,,,,,,,,,,,,,,4,,,14,,,,13,3,0.0,,,,0,,,,0,,,,,,,
83,Providence Preparatory Charter,M,Black or African American,2Race/Ethnicity,BL7,,5,8,114,100%,16,30,1,0.0,1,114,100%,9,30,1,0.0,1,50,100%,12,25,1,112,0.68,1,112,0.70,1,2,,,,,,,,,,,,,,,,,67,26.7,2,14,4,12.1,,67,1,50.4,1,,,3,3,2,,4,5,,,,,,
83,Providence Preparatory Charter,M,Hispanic,2Race/Ethnicity,HI7,,5,8,285,100%,14,30,1,0.0,1,284,100%,16,35,1,0.0,1,128,99%,14,30,1,280,0.81,1,274,0.75,1,78,100%,44%,0.59,1,,,,,,,,,,,,,154,25.3,2,14,9,15.1,,154,1,16.9,1,,,3,3,2,,4,5,,,,,,
83,Providence Preparatory Charter,M,Two or More Races,2Race/Ethnicity,MU7,,5,8,6,,,,,,,6,,,,,,,5,,,,,6,,,6,,,0,,,,,,,,,,,,,,,,,1,,,14,,,,11,3,0.0,,,,0,,,,0,,,,,,,
83,Providence Preparatory Charter,M,Native Hawaiian or Other Pacific Islander,2Race/Ethnicity,PI7,,5,8,0,,,,,,,0,,,,,,,0,,,,,0,,,0,,,0,,,,,,,,,,,,,,,,,0,,,14,,,,0,3,,,,,0,,,,0,,,,,,,
83,Providence Preparatory Charter,M,White,2Race/Ethnicity,WH7,,5,8,23,100%,30,48,2,0.0,1,23,100%,30,46,2,8.7,2,13,100%,31,44,,19,1.00,,19,0.68,,1,,,,,,,,,,,,,,,,,14,29.5,,14,1,16.3,,25,2,8.1,2,,,2,,,,3,5,,,,,,
83,Providence Preparatory Charter,M,Economically Disadvantaged,3Program Status,FRL,,5,8,385,100%,15,31,1,0.3,1,384,99%,14,34,1,0.3,1,177,99%,15,30,1,373,0.79,1,365,0.76,1,73,100%,42%,0.58,1,,,,,,,,,,,,,186,28.0,2,14,11,14.4,,186,1,23.7,1,,,3,3,2,,4,5,,,,,,
83,Providence Preparatory Charter,M,Students with Disabilities,3Program Status,IEP,,5,8,62,98%,7,15,1,0.0,1,62,98%,5,21,1,1.6,1,28,96%,15,25,1,58,0.84,1,58,0.95,2,18,100%,39%,0.55,,,,,,,,,,,,,,33,33.2,1,14,2,11.8,,33,1,45.2,1,,,3,3,3,,4,4,,,,,,
83,Providence Preparatory Charter,M,English Learners,3Program Status,LEP,,5,8,106,99%,5,18,1,0.0,1,106,100%,8,27,1,0.0,1,48,98%,9,22,1,103,0.84,1,104,0.81,1,,,,,,,,,,,,,,,,,,50,19.8,2,14,3,13.3,,50,1,15.8,1,,,3,3,2,,4,5,,,,,,
84,Excel Academy Rhode Island,M,All Students,,All,,5,7,493,99%,32,47,2,5.3,2,490,100%,29,47,2,2.3,2,168,99%,28,45,2,465,1.36,3,468,1.38,3,115,97%,29%,0.47,1,,,,,,,,,,,,,311,14.1,3,16,15,0.0,,311,1,8.4,2,0,,3,6,6,,4,9,Mid Level,Strong,Focus Area,,,Mid Level
84,Excel Academy Rhode Island,M,American Indian or Alaska Native,2Race/Ethnicity,AM7,,5,7,1,,,,,,,1,,,,,,,1,,,,,1,,,0,,,0,,,,,,,,,,,,,,,,,1,,,16,,,,1,3,,,,,0,,,,0,,,,,,,
84,Excel Academy Rhode Island,M,Asian,2Race/Ethnicity,AS7,,5,7,4,,,,,,,4,,,,,,,2,,,,,4,,,4,,,1,,,,,,,,,,,,,,,,,3,,,16,,,,4,3,,,,,0,,,,0,,,,,,,
84,Excel Academy Rhode Island,M,Black or African American,2Race/Ethnicity,BL7,,5,7,86,100%,36,51,2,5.8,2,86,100%,23,43,2,2.3,2,23,100%,17,33,1,80,1.35,3,82,1.43,3,7,,,,,,,,,,,,,,,,,57,8.8,3,16,3,0.0,,57,1,17.6,1,,,3,5,6,,4,8,,,,,,
84,Excel Academy Rhode Island,M,Hispanic,2Race/Ethnicity,HI7,,5,7,369,99%,31,46,2,4.6,2,366,100%,29,47,2,2.5,2,127,100%,28,46,2,350,1.37,3,352,1.38,3,101,98%,31%,0.46,1,,,,,,,,,,,,,228,15.3,2,16,11,0.0,,228,1,7.0,2,,,3,6,6,,4,8,,,,,,
84,Excel Academy Rhode Island,M,Two or More Races,2Race/Ethnicity,MU7,,5,7,13,100%,38,54,,7.7,,13,100%,38,56,,0.0,,4,,,,,13,1.54,,13,1.38,,0,,,,,,,,,,,,,,,,,8,,,16,,,,19,3,21.5,,,,0,,,,0,,,,,,,
84,Excel Academy Rhode Island,M,Native Hawaiian or Other Pacific Islander,2Race/Ethnicity,PI7,,5,7,3,,,,,,,3,,,,,,,3,,,,,2,,,2,,,1,,,,,,,,,,,,,,,,,2,,,16,,,,3,3,,,,,0,,,,0,,,,,,,
84,Excel Academy Rhode Island,M,White,2Race/Ethnicity,WH7,,5,7,17,94%,24,43,,12.5,,17,94%,29,43,,0.0,,8,,,,,15,1.27,,15,1.40,,5,,,,,,,,,,,,,,,,,12,16.8,,16,1,0.0,,21,3,23.5,1,,1,0,,,,1,1,,,,,,
84,Excel Academy Rhode Island,M,Economically Disadvantaged,3Program Status,FRL,,5,7,382,99%,32,47,2,5.0,2,379,99%,29,46,2,1.3,1,126,99%,26,43,2,361,1.37,3,362,1.38,3,94,97%,26%,0.45,1,,,,,,,,,,,,,253,15.8,2,16,12,0.0,,253,1,8.7,2,,,3,6,6,,4,7,,,,,,
84,Excel Academy Rhode Island,M,Students with Disabilities,3Program Status,IEP,,5,7,53,96%,6,13,1,0.0,1,53,96%,6,22,1,2.0,2,22,95%,5,24,1,46,0.96,2,46,1.02,2,20,95%,26%,0.42,1,,,,,,,,,,,,,36,19.5,2,16,2,0.0,,36,1,13.9,1,,,3,3,4,,4,6,,,,,,
84,Excel Academy Rhode Island,M,English Learners,3Program Status,LEP,,5,7,157,100%,17,34,1,0.6,1,156,100%,17,36,1,1.3,1,50,100%,18,38,1,151,1.26,3,153,1.32,3,,,,,,,,,,,,,,,,,,74,17.5,2,16,3,0.0,,74,1,5.4,2,,,3,3,6,,4,6,,,,,,
85,YouthBuild Preparatory Academy,H,All Students,,All,,9,12,61,39%,3,6,1,0.0,1,61,39%,0,1,1,0.0,1,63,29%,3,9,1,19,0.74,,19,0.32,,34,29%,6%,0.09,1,1,1,98,52%,63,44%,1,33,0,1,0,1,104,88.7,1,5,,,,104,1,0.0,3,3,1,3,3,,2,4,6,Focus Area,,Focus Area,Focus Area,Focus Area,Mid Level
85,YouthBuild Preparatory Academy,H,American Indian or Alaska Native,2Race/Ethnicity,AM7,,9,12,0,,,,,,,0,,,,,,,0,,,,,0,,,0,,,0,,,,,1,,0,,0,,,0,,,,,0,,,5,,,,0,3,,,,,0,,,,0,,,,,,,
85,YouthBuild Preparatory Academy,H,Asian,2Race/Ethnicity,AS7,,9,12,0,,,,,,,0,,,,,,,0,,,,,0,,,0,,,0,,,,,1,,1,,1,,,1,,,,,0,,,5,,,,1,3,,,,,0,,,,0,,,,,,,
85,YouthBuild Preparatory Academy,H,Black or African American,2Race/Ethnicity,BL7,,9,12,14,50%,0,2,,0.0,,14,50%,0,0,,0.0,,14,36%,0,7,,7,,,7,,,0,,,,,1,2,26,54%,21,48%,1,21,5,1,5,1,33,88.8,1,5,,,,33,1,0.0,3,,1,0,,,2,2,4,,,,,,
85,YouthBuild Preparatory Academy,H,Hispanic,2Race/Ethnicity,HI7,,9,12,43,37%,5,7,1,0.0,1,43,37%,0,2,1,0.0,1,45,27%,5,10,1,11,0.73,,11,0.27,,34,29%,6%,0.09,1,1,1,66,48%,44,41%,1,38,0,1,3,1,66,87.6,1,5,,,,66,1,0.0,3,,1,3,3,,2,4,6,,,,,,
85,YouthBuild Preparatory Academy,H,Two or More Races,2Race/Ethnicity,MU7,,9,12,2,,,,,,,2,,,,,,,2,,,,,1,,,1,,,0,,,,,1,,2,,2,,,2,,,,,4,,,5,,,,13,3,7.5,,,,0,,,,0,,,,,,,
85,YouthBuild Preparatory Academy,H,Native Hawaiian or Other Pacific Islander,2Race/Ethnicity,PI7,,9,12,0,,,,,,,0,,,,,,,0,,,,,0,,,0,,,0,,,,,1,,0,,0,,,0,,,,,0,,,5,,,,0,3,,,,,0,,,,0,,,,,,,
85,YouthBuild Preparatory Academy,H,White,2Race/Ethnicity,WH7,,9,12,2,,,,,,,2,,,,,,,2,,,,,0,,,0,,,0,,,,,1,,3,,3,,,4,,,,,1,,,5,,,,5,3,,,,,0,,,,0,,,,,,,
85,YouthBuild Preparatory Academy,H,Economically Disadvantaged,3Program Status,FRL,,9,12,47,36%,2,4,1,0.0,1,47,36%,0,1,1,0.0,1,49,29%,2,7,1,12,0.58,,12,0.33,,26,35%,8%,0.11,1,1,1,95,52%,62,44%,1,33,0,1,0,1,104,88.7,1,5,,,,104,1,0.0,3,,1,3,3,,2,4,6,,,,,,
85,YouthBuild Preparatory Academy,H,Students with Disabilities,3Program Status,IEP,,9,12,9,,,,,,,9,,,,,,,9,,,,,3,,,3,,,3,,,,,1,3,21,33%,16,19%,,10,0,,0,,21,68.3,1,5,,,,21,1,0.0,3,,,0,,,,2,4,,,,,,
85,YouthBuild Preparatory Academy,H,English Learners,3Program Status,LEP,,9,12,13,69%,15,18,,0.0,,13,69%,0,3,,0.0,,13,46%,15,23,,7,,,7,,,,,,,,1,3,22,41%,19,32%,,13,0,,0,,22,80.1,1,5,,,,22,1,0.0,3,,1,0,,,,2,4,,,,,,
96,Bristol Warren,S,All Students,,All,K12,-1,12,2854,99%,50,63,2,9.3,2,2850,98%,42,57,2,7.0,2,1233,97%,54,66,2,2320,1.07,2,2311,1.04,2,87,100%,57%,0.79,2,1,1,697,90%,249,88%,4,245,40,2,64,2,2625,18.9,2,192,185,12.4,2,2655,1,2.7,3,1,,3,6,4,4,5,11,Mid Level,Mid Level,Mid Level,Strong,Mid Level,Mid Level
96,Bristol Warren,S,American Indian or Alaska Native,2Race/Ethnicity,AM7,K12,-1,12,4,,,,,,,4,,,,,,,2,,,,,4,,,4,,,0,,,,,1,,2,,2,,,0,,,,,3,,,192,,,,7,3,,,,,0,,,,0,,,,,,,
96,Bristol Warren,S,Asian,2Race/Ethnicity,AS7,K12,-1,12,22,100%,77,83,4,18.2,3,22,100%,59,73,3,27.3,3,13,100%,54,69,,17,1.06,,17,1.35,,5,,,,,1,3,11,82%,11,82%,,8,,,,,25,15.8,2,192,2,10.2,2,25,1,0.0,3,,,2,,,,5,13,,,,,,
96,Bristol Warren,S,Black or African American,2Race/Ethnicity,BL7,K12,-1,12,37,97%,25,43,2,0.0,1,37,100%,5,29,1,0.0,1,17,100%,24,45,,30,0.97,2,32,1.16,3,3,,,,,1,3,16,81%,17,76%,,7,,,,,39,30.6,1,192,3,15.9,1,40,1,7.5,2,,,2,,5,,5,6,,,,,,
96,Bristol Warren,S,Hispanic,2Race/Ethnicity,HI7,K12,-1,12,227,99%,41,54,2,2.7,2,227,98%,29,46,2,0.9,1,102,96%,44,59,2,178,1.00,2,182,0.99,2,46,100%,63%,0.87,2,1,2,40,78%,29,72%,2,26,35,1,48,2,220,28.2,2,192,16,12.5,2,223,1,2.7,3,,,3,6,4,3,5,10,,,,,,
96,Bristol Warren,S,Two or More Races,2Race/Ethnicity,MU7,K12,-1,12,186,98%,48,61,2,8.8,2,185,98%,41,57,2,7.7,2,72,97%,63,73,3,141,1.04,2,140,1.05,2,2,,,,,1,2,28,86%,22,77%,3,19,21,,44,,177,19.8,2,192,12,14.0,2,180,1,1.7,3,,,3,7,4,,5,11,,,,,,
96,Bristol Warren,S,Native Hawaiian or Other Pacific Islander,2Race/Ethnicity,PI7,K12,-1,12,2,,,,,,,2,,,,,,,0,,,,,2,,,2,,,0,,,,,1,,0,,0,,,0,,,,,1,,,192,,,,3,3,,,,,0,,,,0,,,,,,,
96,Bristol Warren,S,White,2Race/Ethnicity,WH7,K12,-1,12,2376,99%,52,64,2,10.0,3,2373,98%,43,58,2,7.5,2,1027,97%,55,67,2,1948,1.07,2,1934,1.04,2,31,100%,55%,0.74,2,1,1,600,92%,215,92%,4,216,41,2,66,2,2159,17.8,2,192,153,12.2,2,2184,1,2.8,3,,,3,6,4,4,5,12,,,,,,
96,Bristol Warren,S,Economically Disadvantaged,3Program Status,FRL,K12,-1,12,1071,98%,37,51,2,3.4,2,1067,97%,28,45,2,3.2,2,442,95%,40,56,2,844,1.02,2,835,0.99,2,64,100%,52%,0.75,2,1,1,252,80%,94,77%,3,90,24,1,39,2,1140,30.0,1,192,84,12.6,2,1152,1,5.3,2,,,3,6,4,3,5,9,,,,,,
96,Bristol Warren,S,Students with Disabilities,3Program Status,IEP,K12,-1,12,538,97%,12,27,1,1.3,1,538,97%,12,27,1,0.4,1,211,93%,17,33,1,385,1.01,2,384,0.93,2,23,100%,39%,0.66,2,1,1,81,67%,27,59%,1,22,5,1,37,1,524,24.6,2,192,40,14.8,2,536,1,4.5,3,,1,3,3,4,2,5,9,,,,,,
96,Bristol Warren,S,English Learners,3Program Status,LEP,K12,-1,12,94,99%,28,42,2,1.1,1,94,100%,21,39,1,2.1,2,39,95%,22,41,2,73,0.96,2,81,1.10,3,,,,,,1,3,11,73%,11,64%,,6,,,,,68,23.6,2,192,6,14.1,2,68,1,2.9,3,,,3,5,5,,5,10,,,,,,
97,Exeter-West Greenwich,S,All Students,,All,K12,-1,12,1591,100%,53,65,2,9.6,2,1590,100%,42,58,2,5.5,2,672,99%,48,62,2,1331,1.12,3,1333,0.98,2,27,100%,48%,0.73,2,1,1,362,93%,127,94%,4,124,54,2,63,2,1459,14.3,3,143,125,3.6,3,1524,1,1.6,3,1,,3,6,5,4,5,13,Mid Level,Strong,Mid Level,Strong,Mid Level,Strong
97,Exeter-West Greenwich,S,American Indian or Alaska Native,2Race/Ethnicity,AM7,K12,-1,12,6,,,,,,,6,,,,,,,2,,,,,6,,,6,,,0,,,,,1,,1,,1,,,0,,,,,6,,,143,,,,14,3,0.0,,,,0,,,,0,,,,,,,
97,Exeter-West Greenwich,S,Asian,2Race/Ethnicity,AS7,K12,-1,12,21,95%,70,78,3,30.0,3,21,95%,75,80,4,20.0,3,12,100%,67,72,,15,1.13,,15,1.00,,3,,,,,1,,4,,4,,,3,,,,,27,18.3,2,143,3,8.9,3,28,1,0.0,3,,,2,,,,5,14,,,,,,
97,Exeter-West Greenwich,S,Black or African American,2Race/Ethnicity,BL7,K12,-1,12,19,100%,37,51,,0.0,,19,100%,16,32,,0.0,,10,100%,20,40,,14,1.07,,14,0.64,,0,,,,,1,,0,,0,,,0,,,,,20,25.4,,143,2,2.2,3,21,1,4.8,3,,,0,,,,2,6,,,,,,
97,Exeter-West Greenwich,S,Hispanic,2Race/Ethnicity,HI7,K12,-1,12,108,100%,45,59,2,11.1,3,108,99%,31,50,2,1.9,1,43,98%,24,42,2,85,1.14,3,88,0.89,2,23,100%,43%,0.71,2,1,3,15,87%,15,87%,,10,40,,46,,104,23.0,2,143,9,7.1,3,110,1,2.7,3,,,3,6,5,,5,12,,,,,,
97,Exeter-West Greenwich,S,Two or More Races,2Race/Ethnicity,MU7,K12,-1,12,46,100%,59,70,3,19.6,3,46,100%,39,54,2,13.0,3,15,100%,40,53,,37,1.11,3,37,0.86,2,0,,,,,1,,4,,4,,,2,,,,,45,11.2,3,143,4,1.7,3,50,1,2.0,3,,,2,,5,,5,15,,,,,,
97,Exeter-West Greenwich,S,Native Hawaiian or Other Pacific Islander,2Race/Ethnicity,PI7,K12,-1,12,0,,,,,,,0,,,,,,,0,,,,,0,,,0,,,0,,,,,1,,0,,0,,,0,,,,,0,,,143,,,,0,3,,,,,0,,,,0,,,,,,,
97,Exeter-West Greenwich,S,White,2Race/Ethnicity,WH7,K12,-1,12,1391,100%,53,66,2,9.0,2,1390,100%,43,59,2,5.5,2,590,99%,50,64,2,1174,1.12,3,1173,0.99,2,1,,,,,1,1,338,93%,118,94%,4,116,55,2,63,2,1256,13.4,3,143,106,3.2,3,1309,1,1.5,3,,,3,6,5,4,5,13,,,,,,
97,Exeter-West Greenwich,S,Economically Disadvantaged,3Program Status,FRL,K12,-1,12,317,100%,34,51,2,3.5,2,316,99%,25,44,2,2.2,2,132,97%,25,43,2,253,1.07,2,254,0.89,2,17,100%,41%,0.65,,1,1,79,80%,25,84%,3,23,39,2,38,2,407,24.8,2,143,37,3.7,3,426,1,2.8,3,,,3,6,4,4,5,12,,,,,,
97,Exeter-West Greenwich,S,Students with Disabilities,3Program Status,IEP,K12,-1,12,181,99%,9,23,1,0.0,1,181,99%,8,22,1,0.6,1,81,95%,14,27,1,131,0.91,2,132,0.74,1,8,,,,,1,2,42,67%,28,71%,2,26,8,1,24,1,164,19.5,2,143,20,4.2,3,185,1,4.3,3,,,3,3,3,2,5,10,,,,,,
97,Exeter-West Greenwich,S,English Learners,3Program Status,LEP,K12,-1,12,20,100%,10,28,1,5.0,2,20,100%,5,27,1,0.0,1,10,100%,0,17,,14,1.29,,16,0.94,,,,,,,1,,4,,4,,,3,,,,,19,20.9,,143,3,21.7,,35,2,0.0,3,,,2,,,,3,6,,,,,,
98,Chariho,S,All Students,,All,K12,-1,12,2948,100%,50,62,2,8.2,2,2941,100%,45,60,2,7.4,2,1321,99%,53,66,2,2442,0.99,2,2440,1.02,2,28,100%,64%,0.89,2,1,1,777,94%,253,96%,5,259,47,2,87,3,2837,15.8,2,295,268,2.6,3,2892,1,1.1,3,0,,3,6,4,5,5,12,Mid Level,Mid Level,Mid Level,Strong,Strong,Strong
98,Chariho,S,American Indian or Alaska Native,2Race/Ethnicity,AM7,K12,-1,12,46,98%,27,42,2,2.2,2,46,98%,22,39,1,2.2,2,18,94%,39,54,,38,0.89,2,38,0.79,1,0,,,,,1,,8,,8,,,7,,,,,43,32.4,1,295,5,2.1,3,44,1,2.3,3,,1,2,,3,,5,11,,,,,,
98,Chariho,S,Asian,2Race/Ethnicity,AS7,K12,-1,12,9,,,,,,,9,,,,,,,4,,,,,8,,,8,,,0,,,,,1,,8,,8,,,5,,,,,10,,,295,1,3.2,,30,3,0.0,3,,,0,,,,1,3,,,,,,
98,Chariho,S,Black or African American,2Race/Ethnicity,BL7,K12,-1,12,12,100%,33,42,,0.0,,12,100%,8,22,,0.0,,5,,,,,7,,,7,,,0,,,,,1,,4,,4,,,3,,,,,17,23.1,,295,2,0.4,,36,2,5.5,2,,,0,,,,1,2,,,,,,
98,Chariho,S,Hispanic,2Race/Ethnicity,HI7,K12,-1,12,122,100%,39,53,2,3.3,2,121,100%,31,45,2,2.5,2,54,100%,24,46,2,85,1.08,2,86,0.98,2,12,100%,75%,0.98,,1,3,25,100%,25,92%,4,17,35,,81,,130,20.8,2,295,14,3.8,3,131,1,3.8,3,,,3,6,4,,5,12,,,,,,
98,Chariho,S,Two or More Races,2Race/Ethnicity,MU7,K12,-1,12,147,100%,40,53,2,6.1,2,144,100%,34,52,2,4.2,2,56,100%,48,61,2,110,0.95,2,108,1.06,2,5,,,,,1,3,21,71%,20,75%,2,11,18,,65,,126,18.3,2,295,15,3.7,3,126,1,2.4,3,,,3,6,4,,5,12,,,,,,
98,Chariho,S,Native Hawaiian or Other Pacific Islander,2Race/Ethnicity,PI7,K12,-1,12,3,,,,,,,3,,,,,,,1,,,,,2,,,2,,,0,,,,,1,,1,,1,,,1,,,,,4,,,295,,,,12,3,0.0,,,,0,,,,0,,,,,,,
98,Chariho,S,White,2Race/Ethnicity,WH7,K12,-1,12,2609,100%,51,64,2,8.7,2,2606,100%,46,61,2,7.9,2,1183,99%,54,67,2,2192,0.99,2,2191,1.02,2,11,100%,64%,0.87,,1,1,710,94%,230,97%,5,234,49,2,89,3,2507,15.2,2,295,232,2.5,3,2559,1,0.9,3,,,3,6,4,5,5,12,,,,,,
98,Chariho,S,Economically Disadvantaged,3Program Status,FRL,K12,-1,12,751,100%,36,50,2,3.6,2,747,100%,30,47,2,3.9,2,299,98%,37,53,2,586,0.94,2,583,1.00,2,10,100%,70%,0.88,,1,1,198,85%,80,89%,3,84,31,1,75,3,945,26.1,2,295,99,3.0,3,964,1,2.3,3,,,3,6,4,4,5,12,,,,,,
98,Chariho,S,Students with Disabilities,3Program Status,IEP,K12,-1,12,484,99%,13,26,1,1.2,1,481,99%,13,28,1,0.8,1,193,98%,15,33,1,338,0.87,2,335,0.91,2,7,,,,,1,1,111,80%,38,82%,3,40,8,1,63,2,486,22.8,2,295,72,3.4,3,521,1,4.0,3,,,3,3,4,3,5,10,,,,,,
98,Chariho,S,English Learners,3Program Status,LEP,K12,-1,12,33,100%,39,57,2,0.0,1,32,100%,41,57,2,6.3,2,11,100%,45,61,,22,0.95,2,22,0.95,2,,,,,,1,,1,,1,,,1,,,,,21,23.9,2,295,5,8.1,3,21,1,0.0,3,,,2,,4,,5,11,,,,,,
99,Foster-Glocester,S,All Students,,All,712,6,12,1246,98%,55,65,2,12.3,3,1246,98%,33,50,2,3.4,2,715,95%,42,58,2,1179,1.02,2,1183,0.90,2,8,,,,,1,1,707,93%,242,93%,4,246,46,2,82,3,1268,23.1,2,112,103,8.1,3,1268,1,1.7,3,0,,3,6,4,5,5,13,Mid Level,Mid Level,,Strong,Strong,Strong
99,Foster-Glocester,S,American Indian or Alaska Native,2Race/Ethnicity,AM7,712,6,12,0,,,,,,,0,,,,,,,0,,,,,0,,,0,,,0,,,,,1,,2,,2,,,0,,,,,0,,,112,,,,3,3,,,,,0,,,,0,,,,,,,
99,Foster-Glocester,S,Asian,2Race/Ethnicity,AS7,712,6,12,5,,,,,,,5,,,,,,,5,,,,,5,,,5,,,1,,,,,1,,6,,6,,,4,,,,,9,,,112,,,,27,3,3.7,3,,,0,,,,1,3,,,,,,
99,Foster-Glocester,S,Black or African American,2Race/Ethnicity,BL7,712,6,12,14,93%,29,38,,0.0,,14,93%,0,17,,0.0,,8,,,,,10,1.00,,10,1.20,,0,,,,,1,,1,,1,,,0,,,,,11,27.1,,112,1,11.8,,28,3,7.2,2,,1,0,,,,1,2,,,,,,
99,Foster-Glocester,S,Hispanic,2Race/Ethnicity,HI7,712,6,12,60,100%,45,55,2,3.3,2,60,100%,27,44,2,0.0,1,41,98%,35,50,2,58,0.90,2,60,0.92,2,7,,,,,1,3,25,100%,25,96%,5,18,28,,66,,71,23.9,2,112,6,9.0,3,71,1,7.0,2,,,3,6,4,,5,10,,,,,,
99,Foster-Glocester,S,Two or More Races,2Race/Ethnicity,MU7,712,6,12,36,100%,53,60,2,11.1,3,36,100%,31,41,2,11.1,3,21,90%,40,53,2,34,0.91,2,34,0.79,1,0,,,,,1,3,21,86%,21,86%,3,15,27,,82,,45,19.8,2,112,4,6.9,3,45,1,2.2,3,,1,3,6,3,,5,14,,,,,,
99,Foster-Glocester,S,Native Hawaiian or Other Pacific Islander,2Race/Ethnicity,PI7,712,6,12,0,,,,,,,0,,,,,,,0,,,,,0,,,0,,,0,,,,,1,,0,,0,,,0,,,,,0,,,112,,,,0,3,,,,,0,,,,0,,,,,,,
99,Foster-Glocester,S,White,2Race/Ethnicity,WH7,712,6,12,1131,98%,56,66,2,13.0,3,1131,98%,33,51,2,3.3,2,640,95%,43,59,2,1072,1.03,2,1074,0.90,2,0,,,,,1,1,652,93%,224,93%,4,227,48,2,83,3,1132,23.2,2,112,91,8.1,3,1132,1,1.2,3,,,3,6,4,5,5,13,,,,,,
99,Foster-Glocester,S,Economically Disadvantaged,3Program Status,FRL,712,6,12,260,97%,39,51,2,5.6,2,260,97%,20,38,1,0.4,1,135,96%,29,48,2,240,0.96,2,240,0.89,2,5,,,,,1,1,141,86%,50,86%,3,52,19,1,68,2,345,35.1,1,112,29,7.5,3,345,1,3.5,3,,,3,5,4,3,5,10,,,,,,
99,Foster-Glocester,S,Students with Disabilities,3Program Status,IEP,712,6,12,152,93%,8,20,1,0.7,1,152,91%,4,17,1,0.7,1,73,85%,11,29,1,127,0.91,2,125,0.86,2,2,,,,,1,2,54,81%,36,78%,3,20,5,1,26,1,141,29.1,2,112,16,5.0,3,141,1,7.1,2,,1,3,3,4,2,5,9,,,,,,
99,Foster-Glocester,S,English Learners,3Program Status,LEP,712,6,12,6,,,,,,,6,,,,,,,3,,,,,3,,,5,,,,,,,,1,,1,,1,,,1,,,,,7,,,112,,,,15,3,0.0,,,,0,,,,0,,,,,,,